Год,Метка_норм,Административный ответчик,Рассмотрено дел,Удовлетворено,Доля удовлетворенных,Отказано,Доля отказов,Прекращено,Судебные приказы,Доля приказов,Взысканная сумма (тыс. руб.),Средняя сумма взыскания (тыс. руб.)
2016,Гражданин Российской Федерации,Гражданин Российской Федерации,0,0,0.0,0,0.0,0,0,0.0,0,0
2017,Гражданин Российской Федерации,Гражданин Российской Федерации,1543995,1503792,97.0,40203,2.0,15873,1387397,89.0,19505127,13
2016,Иностранный гражданин,Иностранный гражданин,0,0,0.0,0,0.0,0,0,0.0,0,0
2017,Иностранный гражданин,Иностранный гражданин,6022,5704,94.0,318,5.0,178,1444,24.0,126036,22
2016,Лица без гражданства,Лица без гражданства,0,0,0.0,0,0.0,0,0,0.0,0,0
2017,Лица без гражданства,Лица без гражданства,604,470,77.0,134,22.0,9,51,8.0,574,1
2016,Орган государственной власти,Орган государственной власти,60351,30179,50.0,30172,50.0,14476,2467,4.0,97955,3
2017,Орган государственной власти,Орган государственной власти,82154,44537,54.0,37617,45.0,18809,6511,7.0,204428,5
2016,Иной государственный орган,Иной государственный орган,86301,82626,95.0,3675,4.0,1887,79375,92.0,862282,10
2017,Иной государственный орган,Иной государственный орган,14445,9345,64.0,5100,35.0,2505,4654,32.0,73316,8
2016,Орган местного самоуправления,Орган местного самоуправления,28124,22192,78.0,5932,21.0,6357,0,0.0,4999,0
2017,Орган местного самоуправления,Орган местного самоуправления,33983,25921,76.0,8062,23.0,5969,0,0.0,61905,2
2016,Избирательная комиссия,Избирательная комиссия,1611,348,21.0,1263,78.0,469,0,0.0,0,0
2017,Избирательная комиссия,Избирательная комиссия,1066,270,25.0,796,74.0,179,0,0.0,20,0
2016,Комиссия референдума,Комиссия референдума,9,6,66.0,3,33.0,0,0,0.0,0,0
2017,Комиссия референдума,Комиссия референдума,7,0,0.0,7,100.0,2,0,0.0,0,0
2016,"Иной орган/организация, наделенные отдельными государственными или иными публичными полномочиями","Иной орган/организация, наделенные отдельными государственными или иными публичными полномочиями",22639,10465,46.0,12174,53.0,6905,12,0.0,50836,5
2017,"Иной орган/организация, наделенные отдельными государственными или иными публичными полномочиями","Иной орган/организация, наделенные отдельными государственными или иными публичными полномочиями",15002,7199,48.0,7803,52.0,4125,607,4.0,16967,2
2016,"Объединения и организации, не обладающие государственными или иными публичными полномочиями в спорных правоотношениях","Объединения и организации, не обладающие государственными или иными публичными полномочиями в спорных правоотношениях",0,0,0.0,0,0.0,0,0,0.0,0,0
2017,"Объединения и организации, не обладающие государственными или иными публичными полномочиями в спорных правоотношениях","Объединения и организации, не обладающие государственными или иными публичными полномочиями в спорных правоотношениях",12807,9403,73.0,3404,26.0,2228,622,4.0,24416,3
2016,Должностное лицо,Должностное лицо,13429,9264,69.0,4165,31.0,2176,6874,51.0,80662,9
2017,Должностное лицо,Должностное лицо,11007,5817,52.0,5190,47.0,2648,2946,26.0,46252,8
2016,Государственный служащий,Государственный служащий,1990,1145,57.0,845,42.0,572,696,35.0,7393,6
2017,Государственный служащий,Государственный служащий,1484,540,36.0,944,63.0,829,2,0.0,478,1
2016,Муниципальный служащий,Муниципальный служащий,2438,2404,98.0,34,1.0,43,2220,91.0,22675,9
2017,Муниципальный служащий,Муниципальный служащий,171,138,80.0,33,19.0,24,111,64.0,1672,12
2016,Президент России,Президент России,2,0,0.0,2,100.0,1,0,0.0,0,0
2017,Президент России,Президент России,7,0,0.0,7,100.0,0,0,0.0,0,0
2016,Совет Федерации,Совет Федерации,3,1,33.0,2,66.0,0,0,0.0,40,40
2017,Совет Федерации,Совет Федерации,0,0,0.0,0,0.0,0,0,0.0,0,0
2016,Государственная Дума,Государственная Дума,5,2,40.0,3,60.0,0,0,0.0,0,0
2017,Государственная Дума,Государственная Дума,3,1,33.0,2,66.0,0,0,0.0,0,0
2016,Правительство РФ,Правительство РФ,112,65,58.0,47,42.0,11,0,0.0,98,2
2017,Правительство РФ,Правительство РФ,98,19,19.0,79,80.0,5,0,0.0,79,4
2016,Правительственная комиссия по контролю за осуществлением иностранных инвестиций в РФ,Правительственная комиссия по контролю за осуществлением иностранных инвестиций в РФ,0,0,0.0,0,0.0,0,0,0.0,0,0
2017,Правительственная комиссия по контролю за осуществлением иностранных инвестиций в РФ,Правительственная комиссия по контролю за осуществлением иностранных инвестиций в РФ,0,0,0.0,0,0.0,0,0,0.0,0,0
2016,"Министерство внутренних дел РФ, включая главное управление по вопросам миграции и главное управление по контролю за оборотом наркотиков","Министерство внутренних дел РФ, включая главное управление по вопросам миграции и главное управление по контролю за оборотом наркотиков",4591,1850,40.0,2741,59.0,747,0,0.0,2226,1
2017,"Министерство внутренних дел РФ, включая главное управление по вопросам миграции и главное управление по контролю за оборотом наркотиков","Министерство внутренних дел РФ, включая главное управление по вопросам миграции и главное управление по контролю за оборотом наркотиков",7812,2787,35.0,5025,64.0,1430,0,0.0,8785,3
2016,Министерство здравоохранения РФ,Министерство здравоохранения РФ,57,22,38.0,35,61.0,27,0,0.0,0,0
2017,Министерство здравоохранения РФ,Министерство здравоохранения РФ,90,32,35.0,58,64.0,31,0,0.0,4411,138
2016,Министерство иностранных дел РФ,Министерство иностранных дел РФ,12,4,33.0,8,66.0,2,0,0.0,0,0
2017,Министерство иностранных дел РФ,Министерство иностранных дел РФ,11,3,27.0,8,72.0,3,0,0.0,0,0
2016,Министерство культуры РФ,Министерство культуры РФ,43,39,90.0,4,9.0,3,0,0.0,0,0
2017,Министерство культуры РФ,Министерство культуры РФ,24,8,33.0,16,66.0,5,0,0.0,0,0
2016,Министерство обороны РФ,Министерство обороны РФ,2839,1354,47.0,1485,52.0,603,0,0.0,19099,14
2017,Министерство обороны РФ,Министерство обороны РФ,3622,1512,41.0,2110,58.0,837,0,0.0,920,1
2016,Министерство образования и науки РФ,Министерство образования и науки РФ,45,26,57.0,19,42.0,13,0,0.0,0,0
2017,Министерство образования и науки РФ,Министерство образования и науки РФ,77,42,54.0,35,45.0,15,0,0.0,0,0
2016,Министерство природных ресурсов и экологии РФ,Министерство природных ресурсов и экологии РФ,110,79,71.0,31,28.0,17,0,0.0,23,0
2017,Министерство природных ресурсов и экологии РФ,Министерство природных ресурсов и экологии РФ,238,174,73.0,64,26.0,31,0,0.0,153,1
2016,Министерство промышленности и торговли РФ,Министерство промышленности и торговли РФ,14,6,42.0,8,57.0,3,0,0.0,0,0
2017,Министерство промышленности и торговли РФ,Министерство промышленности и торговли РФ,33,16,48.0,17,51.0,4,0,0.0,0,0
2016,"Министерство РФ по делам гражданской обороны, чрезвычайным ситуациям и ликвидации последствий стихийных бедствий","Министерство РФ по делам гражданской обороны, чрезвычайным ситуациям и ликвидации последствий стихийных бедствий",220,114,51.0,106,48.0,49,0,0.0,14,0
2017,"Министерство РФ по делам гражданской обороны, чрезвычайным ситуациям и ликвидации последствий стихийных бедствий","Министерство РФ по делам гражданской обороны, чрезвычайным ситуациям и ликвидации последствий стихийных бедствий",194,75,38.0,119,61.0,52,0,0.0,58,1
2016,Министерство РФ по развитию Дальнего Востока,Министерство РФ по развитию Дальнего Востока,1,0,0.0,1,100.0,0,0,0.0,0,0
2017,Министерство РФ по развитию Дальнего Востока,Министерство РФ по развитию Дальнего Востока,1,1,100.0,0,0.0,0,0,0.0,0,0
2016,Министерство связи и массовых коммуникаций РФ,Министерство связи и массовых коммуникаций РФ,83,81,97.0,2,2.0,3,0,0.0,0,0
2017,Министерство связи и массовых коммуникаций РФ,Министерство связи и массовых коммуникаций РФ,99,97,98.0,2,2.0,24,0,0.0,0,0
2016,Министерство РФ по делам Северного Кавказа,Министерство РФ по делам Северного Кавказа,0,0,0.0,0,0.0,0,0,0.0,0,0
2017,Министерство РФ по делам Северного Кавказа,Министерство РФ по делам Северного Кавказа,1,1,100.0,0,0.0,0,0,0.0,0,0
2016,Министерство сельского хозяйства РФ,Министерство сельского хозяйства РФ,41,29,70.0,12,29.0,8,0,0.0,0,0
2017,Министерство сельского хозяйства РФ,Министерство сельского хозяйства РФ,102,81,79.0,21,20.0,5,0,0.0,0,0
2016,Министерство спорта РФ,Министерство спорта РФ,7,1,14.0,6,85.0,1,0,0.0,0,0
2017,Министерство спорта РФ,Министерство спорта РФ,7,0,0.0,7,100.0,1,0,0.0,0,0
2016,Министерство строительства и жилищно-коммунального хозяйства РФ,Министерство строительства и жилищно-коммунального хозяйства РФ,120,59,49.0,61,50.0,30,0,0.0,3,0
2017,Министерство строительства и жилищно-коммунального хозяйства РФ,Министерство строительства и жилищно-коммунального хозяйства РФ,269,178,66.0,91,33.0,57,0,0.0,1910,11
2016,Счетная палата РФ,Счетная палата РФ,0,0,0.0,0,0.0,0,0,0.0,0,0
2017,Счетная палата РФ,Счетная палата РФ,0,0,0.0,0,0.0,0,0,0.0,0,0
2016,Министерство транспорта РФ,Министерство транспорта РФ,31,17,54.0,14,45.0,5,0,0.0,0,0
2017,Министерство транспорта РФ,Министерство транспорта РФ,61,44,72.0,17,27.0,6,0,0.0,101,2
2016,Министерство труда и социальной защиты РФ,Министерство труда и социальной защиты РФ,178,78,43.0,100,56.0,82,0,0.0,85,1
2017,Министерство труда и социальной защиты РФ,Министерство труда и социальной защиты РФ,318,156,49.0,162,50.0,88,0,0.0,12600,81
2016,Министерство финансов РФ,Министерство финансов РФ,498,295,59.0,203,40.0,47,0,0.0,13608,46
2017,Министерство финансов РФ,Министерство финансов РФ,398,174,43.0,224,56.0,46,0,0.0,10004,57
2016,Министерство экономического развития РФ,Министерство экономического развития РФ,451,375,83.0,76,16.0,39,0,0.0,5,0
2017,Министерство экономического развития РФ,Министерство экономического развития РФ,483,441,91.0,42,8.0,18,0,0.0,0,0
2016,Министерство энергетики РФ,Министерство энергетики РФ,5,1,20.0,4,80.0,1,0,0.0,0,0
2017,Министерство энергетики РФ,Министерство энергетики РФ,8,2,25.0,6,75.0,1,0,0.0,0,0
2016,Министерство юстиции РФ,Министерство юстиции РФ,516,130,25.0,386,74.0,104,0,0.0,15,0
2017,Министерство юстиции РФ,Министерство юстиции РФ,673,124,18.0,549,81.0,93,0,0.0,548,4
2016,Государственная фельдъегерская служба РФ,Государственная фельдъегерская служба РФ,13,6,46.0,7,53.0,9,0,0.0,0,0
2017,Государственная фельдъегерская служба РФ,Государственная фельдъегерская служба РФ,21,7,33.0,14,66.0,4,0,0.0,0,0
2016,Служба внешней разведки РФ,Служба внешней разведки РФ,2,1,50.0,1,50.0,0,0,0.0,0,0
2017,Служба внешней разведки РФ,Служба внешней разведки РФ,2,0,0.0,2,100.0,0,0,0.0,0,0
2016,Федеральная антимонопольная служба,Федеральная антимонопольная служба,27,4,14.0,23,85.0,14,0,0.0,0,0
2017,Федеральная антимонопольная служба,Федеральная антимонопольная служба,33,5,15.0,28,84.0,13,0,0.0,7,1
2016,Федеральная налоговая служба,Федеральная налоговая служба,1738,1087,62.0,651,37.0,173,742,42.0,9064,8
2017,Федеральная налоговая служба,Федеральная налоговая служба,10144,8992,88.0,1152,11.0,406,8102,79.0,100491,11
2016,Федеральная служба безопасности РФ,Федеральная служба безопасности РФ,180,35,19.0,145,80.0,32,0,0.0,1,0
2017,Федеральная служба безопасности РФ,Федеральная служба безопасности РФ,218,34,15.0,184,84.0,41,0,0.0,0,0
2016,"Федеральная служба государственной регистрации, кадастра и картографии","Федеральная служба государственной регистрации, кадастра и картографии",3892,2216,56.0,1676,43.0,908,0,0.0,1420,1
2017,"Федеральная служба государственной регистрации, кадастра и картографии","Федеральная служба государственной регистрации, кадастра и картографии",5806,3506,60.0,2300,39.0,997,0,0.0,263,0
2016,Федеральная служба государственной статистики,Федеральная служба государственной статистики,11,6,54.0,5,45.0,2,0,0.0,0,0
2017,Федеральная служба государственной статистики,Федеральная служба государственной статистики,6,2,33.0,4,66.0,1,0,0.0,0,0
2016,"Федеральная служба по экологическому, технологическому и атомному надзору","Федеральная служба по экологическому, технологическому и атомному надзору",0,0,0.0,0,0.0,0,0,0.0,0,0
2017,"Федеральная служба по экологическому, технологическому и атомному надзору","Федеральная служба по экологическому, технологическому и атомному надзору",45,31,68.0,14,31.0,9,0,0.0,0,0
2016,Федеральная служба войск национальной гвардии РФ,Федеральная служба войск национальной гвардии РФ,0,0,0.0,0,0.0,0,0,0.0,0,0
2017,Федеральная служба войск национальной гвардии РФ,Федеральная служба войск национальной гвардии РФ,275,105,38.0,170,61.0,54,0,0.0,2827,27
2016,Федеральная служба исполнения наказаний,Федеральная служба исполнения наказаний,622,137,22.0,485,78.0,122,0,0.0,34,0
2017,Федеральная служба исполнения наказаний,Федеральная служба исполнения наказаний,936,166,17.0,770,82.0,169,0,0.0,3,0
2016,Федеральная служба охраны РФ,Федеральная служба охраны РФ,131,7,5.0,124,94.0,10,0,0.0,0,0
2017,Федеральная служба охраны РФ,Федеральная служба охраны РФ,41,6,14.0,35,85.0,10,0,0.0,0,0
2016,Федеральная служба по аккредитации,Федеральная служба по аккредитации,1,0,0.0,1,100.0,0,0,0.0,0,0
2017,Федеральная служба по аккредитации,Федеральная служба по аккредитации,1,1,100.0,0,0.0,0,0,0.0,0,0
2016,Федеральная служба по ветеринарному и фитосанитарному надзору,Федеральная служба по ветеринарному и фитосанитарному надзору,18,8,44.0,10,55.0,10,0,0.0,2,0
2017,Федеральная служба по ветеринарному и фитосанитарному надзору,Федеральная служба по ветеринарному и фитосанитарному надзору,48,26,54.0,22,45.0,12,0,0.0,0,0
2016,Федеральная служба по военно-техническому сотрудничеству,Федеральная служба по военно-техническому сотрудничеству,14,9,64.0,5,35.0,7,0,0.0,0,0
2017,Федеральная служба по военно-техническому сотрудничеству,Федеральная служба по военно-техническому сотрудничеству,11,3,27.0,8,72.0,6,0,0.0,0,0
2016,Федеральная служба по гидрометеорологии и мониторингу окружающей среды,Федеральная служба по гидрометеорологии и мониторингу окружающей среды,1,0,0.0,1,100.0,0,0,0.0,0,0
2017,Федеральная служба по гидрометеорологии и мониторингу окружающей среды,Федеральная служба по гидрометеорологии и мониторингу окружающей среды,7,6,85.0,1,14.0,1,0,0.0,0,0
2016,Федеральная служба по интеллектуальной собственности,Федеральная служба по интеллектуальной собственности,4,4,100.0,0,0.0,1,0,0.0,0,0
2017,Федеральная служба по интеллектуальной собственности,Федеральная служба по интеллектуальной собственности,2,1,50.0,1,50.0,4,0,0.0,0,0
2016,Федеральная служба по надзору в сфере защиты прав потребителей и благополучия человека,Федеральная служба по надзору в сфере защиты прав потребителей и благополучия человека,205,99,48.0,106,51.0,31,0,0.0,43,0
2017,Федеральная служба по надзору в сфере защиты прав потребителей и благополучия человека,Федеральная служба по надзору в сфере защиты прав потребителей и благополучия человека,299,155,51.0,144,48.0,48,0,0.0,7,0
2016,Федеральная служба по надзору в сфере здравоохранения,Федеральная служба по надзору в сфере здравоохранения,16,2,12.0,14,87.0,4,0,0.0,0,0
2017,Федеральная служба по надзору в сфере здравоохранения,Федеральная служба по надзору в сфере здравоохранения,24,13,54.0,11,45.0,4,0,0.0,0,0
2016,Федеральная служба по надзору в сфере образования и науки,Федеральная служба по надзору в сфере образования и науки,9,4,44.0,5,55.0,2,0,0.0,0,0
2017,Федеральная служба по надзору в сфере образования и науки,Федеральная служба по надзору в сфере образования и науки,10,5,50.0,5,50.0,1,0,0.0,0,0
2016,Федеральная служба по надзору в сфере природопользования,Федеральная служба по надзору в сфере природопользования,175,94,53.0,81,46.0,24,0,0.0,8,0
2017,Федеральная служба по надзору в сфере природопользования,Федеральная служба по надзору в сфере природопользования,214,122,57.0,92,43.0,30,0,0.0,40,0
2016,"Федеральная служба по надзору в сфере связи, информационных технологий и массовых коммуникаций","Федеральная служба по надзору в сфере связи, информационных технологий и массовых коммуникаций",644,626,97.0,18,2.0,60,0,0.0,0,0
2017,"Федеральная служба по надзору в сфере связи, информационных технологий и массовых коммуникаций","Федеральная служба по надзору в сфере связи, информационных технологий и массовых коммуникаций",3327,3284,98.0,43,1.0,287,0,0.0,2,0
2016,Федеральная служба по надзору в сфере транспорта,Федеральная служба по надзору в сфере транспорта,17,9,52.0,8,47.0,7,0,0.0,0,0
2017,Федеральная служба по надзору в сфере транспорта,Федеральная служба по надзору в сфере транспорта,55,40,72.0,15,27.0,13,0,0.0,0,0
2016,Федеральная служба по техническому и экспортному контролю,Федеральная служба по техническому и экспортному контролю,5,1,20.0,4,80.0,1,0,0.0,88,88
2017,Федеральная служба по техническому и экспортному контролю,Федеральная служба по техническому и экспортному контролю,6,0,0.0,6,100.0,2,0,0.0,0,0
2016,Федеральная служба по труду и занятости,Федеральная служба по труду и занятости,110,59,53.0,51,46.0,26,0,0.0,4,0
2017,Федеральная служба по труду и занятости,Федеральная служба по труду и занятости,333,189,56.0,144,43.0,52,0,0.0,6,0
2016,Федеральная служба по регулированию алкогольного рынка,Федеральная служба по регулированию алкогольного рынка,3,3,100.0,0,0.0,0,0,0.0,0,0
2017,Федеральная служба по регулированию алкогольного рынка,Федеральная служба по регулированию алкогольного рынка,1,1,100.0,0,0.0,0,0,0.0,0,0
2016,Уполномоченные при Президенте РФ по правам,Уполномоченные при Президенте РФ по правам,5,1,20.0,4,80.0,1,0,0.0,0,0
2017,Уполномоченные при Президенте РФ по правам,Уполномоченные при Президенте РФ по правам,0,0,0.0,0,0.0,2,0,0.0,0,0
2016,Управление делами Президента РФ,Управление делами Президента РФ,20,9,45.0,11,55.0,6,0,0.0,0,0
2017,Управление делами Президента РФ,Управление делами Президента РФ,1,0,0.0,1,100.0,0,0,0.0,0,0
2016,Федеральная служба по финансовому мониторингу,Федеральная служба по финансовому мониторингу,12,9,75.0,3,25.0,4,0,0.0,0,0
2017,Федеральная служба по финансовому мониторингу,Федеральная служба по финансовому мониторингу,2,1,50.0,1,50.0,1,0,0.0,0,0
2016,Федеральная таможенная служба,Федеральная таможенная служба,134,21,15.0,113,84.0,20,0,0.0,31,1
2017,Федеральная таможенная служба,Федеральная таможенная служба,103,25,24.0,78,75.0,24,0,0.0,0,0
2016,Федеральное казначейство,Федеральное казначейство,28,14,50.0,14,50.0,7,0,0.0,1142,82
2017,Федеральное казначейство,Федеральное казначейство,45,11,24.0,34,75.0,16,0,0.0,262,24
2016,Федеральная служба судебных приставов,Федеральная служба судебных приставов,20185,6792,33.0,13393,66.0,8424,0,0.0,9036,1
2017,Федеральная служба судебных приставов,Федеральная служба судебных приставов,27808,9798,35.0,18010,64.0,11650,0,0.0,4847,0
2016,Банк России,Банк России,0,0,0.0,0,0.0,0,0,0.0,0,0
2017,Банк России,Банк России,1,0,0.0,1,100.0,1,0,0.0,0,0
2016,Центральная избирательная комиссия,Центральная избирательная комиссия,0,0,0.0,0,0.0,0,0,0.0,0,0
2017,Центральная избирательная комиссия,Центральная избирательная комиссия,9,1,11.0,8,88.0,0,0,0.0,0,0
2016,Иные ведомства,Иные ведомства,496,156,31.0,340,68.0,95,1,0.0,41,0
2017,Иные ведомства,Иные ведомства,1716,868,50.0,848,49.0,281,401,23.0,7517,9
2016,Законодательный (представительный) орган власти субъекта Федерации,Законодательный (представительный) орган власти субъекта Федерации,242,130,53.0,112,46.0,56,0,0.0,27,0
2017,Законодательный (представительный) орган власти субъекта Федерации,Законодательный (представительный) орган власти субъекта Федерации,217,106,48.0,111,51.0,49,0,0.0,0,0
2016,Высший исполнительный орган власти субъекта Федерации,Высший исполнительный орган власти субъекта Федерации,4826,4502,93.0,324,6.0,219,0,0.0,9957,2
2017,Высший исполнительный орган власти субъекта Федерации,Высший исполнительный орган власти субъекта Федерации,6311,5747,91.0,564,8.0,316,0,0.0,2735,0
2016,Иной орган государственной власти субъекта Федерации,Иной орган государственной власти субъекта Федерации,3425,2019,58.0,1406,41.0,685,0,0.0,178,0
2017,Иной орган государственной власти субъекта Федерации,Иной орган государственной власти субъекта Федерации,5346,3854,72.0,1492,27.0,751,0,0.0,882,0
2016,Федеральная миграционная служба (ФМС),Федеральная миграционная служба (ФМС),3745,1699,45.0,2046,54.0,311,0,0.0,91,0
2023,Гражданин Российской Федерации,Гражданин Российской Федерации,1572505,1418028,90.0,154477,10.0,10812,1208380,77.0,62007844,44
2019,Гражданин Российской Федерации,Гражданин Российской Федерации,4896440,4833146,98.0,63294,1.0,12892,4645660,94.0,851585094,176
2024,Гражданин Российской Федерации,Гражданин Российской Федерации,4212719,4133713,98.0,79006,1.0,7109,3937717,93.0,192292787,46
2018,Гражданин Российской Федерации,Гражданин Российской Федерации,1614597,1570236,97.3,44361,2.7,8120,1404822,87.0,24175538,15
2020,Гражданин Российской Федерации,Гражданин Российской Федерации,6557158,6424904,98.0,132254,2.0,19536,6205574,94.0,84362830,13
2022,Гражданин Российской Федерации,Гражданин Российской Федерации,4778122,4626230,96.0,151892,3.0,19635,4415020,92.0,173561265,37
2021,Гражданин Российской Федерации,Гражданин Российской Федерации,3975949,3886133,97.0,89816,2.0,22344,3659847,92.0,87822097,23
2023,Иностранный гражданин,Иностранный гражданин,10726,9610,90.0,1116,10.0,28804,3435,32.0,209413,22
2019,Иностранный гражданин,Иностранный гражданин,10343,9545,92.0,798,7.0,30574,4093,39.0,392746,41
2024,Иностранный гражданин,Иностранный гражданин,19250,18367,95.0,883,4.0,20346,12897,66.0,805916,43
2018,Иностранный гражданин,Иностранный гражданин,8298,7736,93.2,562,6.8,22123,1744,21.0,99759,13
2020,Иностранный гражданин,Иностранный гражданин,12974,11852,91.0,1122,8.0,37911,5567,42.0,205256,17
2022,Иностранный гражданин,Иностранный гражданин,17125,16030,93.0,1095,6.0,29519,9796,57.0,336217,20
2021,Иностранный гражданин,Иностранный гражданин,11679,10758,92.0,921,7.0,34458,4460,38.0,219721,20
2023,Лица без гражданства,Лица без гражданства,429,350,82.0,79,18.0,347,46,11.0,1120,3
2019,Лица без гражданства,Лица без гражданства,3654,3381,92.0,273,7.0,307,2856,78.0,37869,11
2024,Лица без гражданства,Лица без гражданства,445,395,88.0,50,11.0,275,183,41.0,4860,12
2018,Лица без гражданства,Лица без гражданства,842,619,73.5,223,26.5,282,63,7.5,900,1
2020,Лица без гражданства,Лица без гражданства,7194,6962,96.0,232,3.0,285,6509,90.0,43704,6
2022,Лица без гражданства,Лица без гражданства,697,591,84.0,106,15.0,319,86,12.0,2005,3
2021,Лица без гражданства,Лица без гражданства,3523,3266,92.0,257,7.0,283,2073,58.0,1189,0
2023,Орган государственной власти,Орган государственной власти,249765,105629,42.0,144136,58.0,50,169,0.0,2258773,21
2019,Орган государственной власти,Орган государственной власти,157308,106031,67.0,51277,32.0,30,8799,5.0,327220,3
2024,Орган государственной власти,Орган государственной власти,286540,116818,40.0,169722,59.0,5,0,0.0,4218623,36
2018,Орган государственной власти,Орган государственной власти,126404,82461,65.2,43943,34.8,11,16389,13.0,244800,3
2020,Орган государственной власти,Орган государственной власти,159644,99543,62.0,60101,37.0,26,11013,6.0,266108,3
2022,Орган государственной власти,Орган государственной власти,225929,101038,44.0,124891,55.0,12,0,0.0,19668826,194
2021,Орган государственной власти,Орган государственной власти,225252,99084,44.0,126168,56.0,20,1,0.0,192788,2
2023,Иной государственный орган,Иной государственный орган,22375,8682,39.0,13693,61.0,69535,0,0.0,10757,1
2019,Иной государственный орган,Иной государственный орган,17377,12636,72.0,4741,27.0,33780,5460,31.0,56390,4
2024,Иной государственный орган,Иной государственный орган,23242,8875,38.0,14367,61.0,78119,0,0.0,7536,0
2018,Иной государственный орган,Иной государственный орган,26576,22476,84.6,4100,15.4,25506,15986,60.2,203032,9
2020,Иной государственный орган,Иной государственный орган,16767,11328,67.0,5439,32.0,38423,3489,20.0,53413,5
2022,Иной государственный орган,Иной государственный орган,18460,7020,38.0,11440,61.0,51269,0,0.0,6112,0
2021,Иной государственный орган,Иной государственный орган,20149,7421,36.0,12728,63.0,50201,0,0.0,2069,0
2023,Орган местного самоуправления,Орган местного самоуправления,63451,55044,87.0,8407,13.0,4845,0,0.0,48859,1
2019,Орган местного самоуправления,Орган местного самоуправления,39332,30075,76.0,9257,23.0,3096,0,0.0,54873,1
2024,Орган местного самоуправления,Орган местного самоуправления,69400,58553,84.0,10847,15.0,4769,0,0.0,42194,0
2018,Орган местного самоуправления,Орган местного самоуправления,38113,29635,77.8,8478,22.2,2530,242,0.6,118804,4
2020,Орган местного самоуправления,Орган местного самоуправления,39839,31012,77.0,8827,22.0,3169,0,0.0,36052,1
2022,Орган местного самоуправления,Орган местного самоуправления,48527,40591,83.0,7936,16.0,3769,0,0.0,46618,1
2021,Орган местного самоуправления,Орган местного самоуправления,41272,33300,80.0,7972,19.0,4539,0,0.0,45030,1
2023,Избирательная комиссия,Избирательная комиссия,398,59,15.0,339,85.0,5322,0,0.0,0,0
2019,Избирательная комиссия,Избирательная комиссия,2066,547,26.0,1519,73.0,4614,0,0.0,0,0
2024,Избирательная комиссия,Избирательная комиссия,1093,347,31.0,746,68.0,5519,0,0.0,0,0
2018,Избирательная комиссия,Избирательная комиссия,1170,441,37.7,729,62.3,5389,0,0.0,23,0
2020,Избирательная комиссия,Избирательная комиссия,1714,477,27.0,1237,72.0,3859,0,0.0,0,0
2022,Избирательная комиссия,Избирательная комиссия,727,122,16.0,605,83.0,4132,0,0.0,0,0
2021,Избирательная комиссия,Избирательная комиссия,1079,208,19.0,871,80.0,3901,0,0.0,5,0
2023,Комиссия референдума,Комиссия референдума,3,2,67.0,1,33.0,56,0,0.0,0,0
2019,Комиссия референдума,Комиссия референдума,24,19,79.0,5,20.0,340,0,0.0,0,0
2024,Комиссия референдума,Комиссия референдума,2,2,100.0,0,0.0,64,0,0.0,0,0
2018,Комиссия референдума,Комиссия референдума,12,3,25.0,9,75.0,169,0,0.0,0,0
2020,Комиссия референдума,Комиссия референдума,4,2,50.0,2,50.0,197,0,0.0,72,36
2022,Комиссия референдума,Комиссия референдума,1,1,100.0,0,0.0,120,0,0.0,0,0
2021,Комиссия референдума,Комиссия референдума,2,1,50.0,1,50.0,156,0,0.0,0,0
2023,"Иной орган/организация, наделенные отдельными государственными или иными публичными полномочиями","Иной орган/организация, наделенные отдельными государственными или иными публичными полномочиями",21161,8240,39.0,12921,61.0,0,2,0.0,7752,1
2019,"Иной орган/организация, наделенные отдельными государственными или иными публичными полномочиями","Иной орган/организация, наделенные отдельными государственными или иными публичными полномочиями",17023,9430,55.0,7593,44.0,2,736,4.0,11141,1
2024,"Иной орган/организация, наделенные отдельными государственными или иными публичными полномочиями","Иной орган/организация, наделенные отдельными государственными или иными публичными полномочиями",20832,8197,39.0,12635,60.0,0,0,0.0,2489,0
2018,"Иной орган/организация, наделенные отдельными государственными или иными публичными полномочиями","Иной орган/организация, наделенные отдельными государственными или иными публичными полномочиями",14692,8098,55.1,6594,44.9,2,1763,12.0,33193,4
2020,"Иной орган/организация, наделенные отдельными государственными или иными публичными полномочиями","Иной орган/организация, наделенные отдельными государственными или иными публичными полномочиями",17086,9496,55.0,7590,44.0,0,0,0.0,7923,1
2022,"Иной орган/организация, наделенные отдельными государственными или иными публичными полномочиями","Иной орган/организация, наделенные отдельными государственными или иными публичными полномочиями",19053,7921,41.0,11132,58.0,0,0,0.0,6660,0
2021,"Иной орган/организация, наделенные отдельными государственными или иными публичными полномочиями","Иной орган/организация, наделенные отдельными государственными или иными публичными полномочиями",21291,9315,43.0,11976,56.0,1,0,0.0,7154,1
2023,"Объединения и организации, не обладающие государственными или иными публичными полномочиями в спорных правоотношениях","Объединения и организации, не обладающие государственными или иными публичными полномочиями в спорных правоотношениях",18065,11867,66.0,6198,34.0,5496,0,0.0,3047,0
2019,"Объединения и организации, не обладающие государственными или иными публичными полномочиями в спорных правоотношениях","Объединения и организации, не обладающие государственными или иными публичными полномочиями в спорных правоотношениях",16255,12011,73.0,4244,26.0,4517,9,0.0,10174,0
2024,"Объединения и организации, не обладающие государственными или иными публичными полномочиями в спорных правоотношениях","Объединения и организации, не обладающие государственными или иными публичными полномочиями в спорных правоотношениях",18271,11229,61.0,7042,38.0,5542,0,0.0,14841,1
2018,"Объединения и организации, не обладающие государственными или иными публичными полномочиями в спорных правоотношениях","Объединения и организации, не обладающие государственными или иными публичными полномочиями в спорных правоотношениях",12923,9076,70.2,3847,29.8,3723,30,0.2,7300,1
2020,"Объединения и организации, не обладающие государственными или иными публичными полномочиями в спорных правоотношениях","Объединения и организации, не обладающие государственными или иными публичными полномочиями в спорных правоотношениях",15972,12501,78.0,3471,21.0,4115,0,0.0,7107,1
2022,"Объединения и организации, не обладающие государственными или иными публичными полномочиями в спорных правоотношениях","Объединения и организации, не обладающие государственными или иными публичными полномочиями в спорных правоотношениях",20283,14427,71.0,5856,28.0,4953,0,0.0,2531,0
2021,"Объединения и организации, не обладающие государственными или иными публичными полномочиями в спорных правоотношениях","Объединения и организации, не обладающие государственными или иными публичными полномочиями в спорных правоотношениях",19801,13909,70.0,5892,29.0,5660,0,0.0,3636,0
2023,Должностное лицо,Должностное лицо,14159,4938,35.0,9221,65.0,3359,21,0.0,2340,0
2019,Должностное лицо,Должностное лицо,10234,4929,48.0,5305,51.0,2677,2102,20.0,68029,13
2024,Должностное лицо,Должностное лицо,15561,5757,36.0,9804,63.0,3135,64,0.0,5138,0
2018,Должностное лицо,Должностное лицо,9571,4547,47.5,5024,52.5,2329,1966,20.5,54178,12
2020,Должностное лицо,Должностное лицо,10064,4950,49.0,5114,50.0,2887,2347,23.0,20724,4
2022,Должностное лицо,Должностное лицо,11543,3748,32.0,7795,67.0,3564,22,0.0,782,0
2021,Должностное лицо,Должностное лицо,10025,3014,30.0,7011,69.0,3396,109,1.0,1695,1
2023,Государственный служащий,Государственный служащий,2395,820,34.0,1575,66.0,7400,0,0.0,2,0
2019,Государственный служащий,Государственный служащий,1452,451,31.0,1001,68.0,2744,0,0.0,93,0
2024,Государственный служащий,Государственный служащий,2973,1079,36.0,1894,63.0,8312,0,0.0,167,0
2018,Государственный служащий,Государственный служащий,1406,477,33.9,929,66.1,2706,0,0.0,0,0
2020,Государственный служащий,Государственный служащий,1260,360,28.0,900,71.0,2840,0,0.0,266,1
2022,Государственный служащий,Государственный служащий,1952,623,31.0,1329,68.0,4728,0,0.0,53,0
2021,Государственный служащий,Государственный служащий,1741,497,28.0,1244,71.0,3823,0,0.0,525,1
2023,Муниципальный служащий,Муниципальный служащий,48,32,67.0,16,33.0,1261,0,0.0,0,0
2019,Муниципальный служащий,Муниципальный служащий,51,31,60.0,20,39.0,700,0,0.0,0,0
2024,Муниципальный служащий,Муниципальный служащий,133,114,85.0,19,14.0,1068,0,0.0,0,0
2018,Муниципальный служащий,Муниципальный служащий,126,100,79.4,26,20.6,682,0,0.0,0,0
2020,Муниципальный служащий,Муниципальный служащий,1443,455,31.0,988,68.0,754,0,0.0,2767,6
2022,Муниципальный служащий,Муниципальный служащий,52,27,51.0,25,48.0,1161,0,0.0,0,0
2021,Муниципальный служащий,Муниципальный служащий,42,22,52.0,20,47.0,823,0,0.0,0,0
2023,Президент России,Президент России,3,0,0.0,3,100.0,5,0,0.0,0,0
2019,Президент России,Президент России,4,0,0.0,4,100.0,11,0,0.0,0,0
2024,Президент России,Президент России,1,0,0.0,1,100.0,3,0,0.0,0,0
2018,Президент России,Президент России,3,0,0.0,3,100.0,23,0,0.0,0,0
2020,Президент России,Президент России,9,0,0.0,9,100.0,160,0,0.0,0,0
2022,Президент России,Президент России,1,0,0.0,1,100.0,23,0,0.0,0,0
2021,Президент России,Президент России,5,0,0.0,5,100.0,9,0,0.0,0,0
2023,Совет Федерации,Совет Федерации,0,0,0.0,0,0.0,0,0,0.0,0,0
2019,Совет Федерации,Совет Федерации,0,0,0.0,0,0.0,0,0,0.0,0,0
2024,Совет Федерации,Совет Федерации,0,0,0.0,0,0.0,0,0,0.0,0,0
2018,Совет Федерации,Совет Федерации,0,0,0.0,0,0.0,0,0,0.0,0,0
2020,Совет Федерации,Совет Федерации,0,0,0.0,0,0.0,0,0,0.0,0,0
2022,Совет Федерации,Совет Федерации,0,0,0.0,0,0.0,0,0,0.0,0,0
2021,Совет Федерации,Совет Федерации,0,0,0.0,0,0.0,1,0,0.0,0,0
2023,Государственная Дума,Государственная Дума,1,1,100.0,0,0.0,0,0,0.0,0,0
2019,Государственная Дума,Государственная Дума,6,3,50.0,3,50.0,0,0,0.0,0,0
2024,Государственная Дума,Государственная Дума,7,0,0.0,7,100.0,0,0,0.0,0,0
2018,Государственная Дума,Государственная Дума,4,1,25.0,3,75.0,0,0,0.0,0,0
2020,Государственная Дума,Государственная Дума,6,0,0.0,6,100.0,0,0,0.0,0,0
2022,Государственная Дума,Государственная Дума,6,5,83.0,1,16.0,0,0,0.0,0,0
2021,Государственная Дума,Государственная Дума,4,1,25.0,3,75.0,0,0,0.0,0,0
2023,Правительство РФ,Правительство РФ,88,23,26.0,65,74.0,0,0,0.0,0,0
2019,Правительство РФ,Правительство РФ,145,53,36.0,92,63.0,0,0,0.0,0,0
2024,Правительство РФ,Правительство РФ,82,8,9.0,74,90.0,2,0,0.0,4,0
2018,Правительство РФ,Правительство РФ,86,12,14.0,74,86.0,1,0,0.0,0,0
2020,Правительство РФ,Правительство РФ,225,120,53.0,105,46.0,2,0,0.0,0,0
2022,Правительство РФ,Правительство РФ,73,5,6.0,68,93.0,1,0,0.0,0,0
2021,Правительство РФ,Правительство РФ,191,104,54.0,87,45.0,1,0,0.0,133,1
2023,Правительственная комиссия по контролю за осуществлением иностранных инвестиций в РФ,Правительственная комиссия по контролю за осуществлением иностранных инвестиций в РФ,0,0,0.0,0,0.0,3,0,0.0,0,0
2019,Правительственная комиссия по контролю за осуществлением иностранных инвестиций в РФ,Правительственная комиссия по контролю за осуществлением иностранных инвестиций в РФ,0,0,0.0,0,0.0,2,0,0.0,0,0
2024,Правительственная комиссия по контролю за осуществлением иностранных инвестиций в РФ,Правительственная комиссия по контролю за осуществлением иностранных инвестиций в РФ,0,0,0.0,0,0.0,0,0,0.0,0,0
2018,Правительственная комиссия по контролю за осуществлением иностранных инвестиций в РФ,Правительственная комиссия по контролю за осуществлением иностранных инвестиций в РФ,0,0,0.0,0,0.0,4,0,0.0,0,0
2020,Правительственная комиссия по контролю за осуществлением иностранных инвестиций в РФ,Правительственная комиссия по контролю за осуществлением иностранных инвестиций в РФ,0,0,0.0,0,0.0,3,0,0.0,0,0
2022,Правительственная комиссия по контролю за осуществлением иностранных инвестиций в РФ,Правительственная комиссия по контролю за осуществлением иностранных инвестиций в РФ,0,0,0.0,0,0.0,10,0,0.0,0,0
2021,Правительственная комиссия по контролю за осуществлением иностранных инвестиций в РФ,Правительственная комиссия по контролю за осуществлением иностранных инвестиций в РФ,0,0,0.0,0,0.0,7,0,0.0,0,0
2023,"Министерство внутренних дел РФ, включая главное управление по вопросам миграции и главное управление по контролю за оборотом наркотиков","Министерство внутренних дел РФ, включая главное управление по вопросам миграции и главное управление по контролю за оборотом наркотиков",10718,4109,38.0,6609,62.0,0,0,0.0,16301,4
2019,"Министерство внутренних дел РФ, включая главное управление по вопросам миграции и главное управление по контролю за оборотом наркотиков","Министерство внутренних дел РФ, включая главное управление по вопросам миграции и главное управление по контролю за оборотом наркотиков",8382,3275,39.0,5107,60.0,0,0,0.0,4078,1
2024,"Министерство внутренних дел РФ, включая главное управление по вопросам миграции и главное управление по контролю за оборотом наркотиков","Министерство внутренних дел РФ, включая главное управление по вопросам миграции и главное управление по контролю за оборотом наркотиков",10572,3812,36.0,6760,63.0,0,0,0.0,12632,3
2018,"Министерство внутренних дел РФ, включая главное управление по вопросам миграции и главное управление по контролю за оборотом наркотиков","Министерство внутренних дел РФ, включая главное управление по вопросам миграции и главное управление по контролю за оборотом наркотиков",9097,3506,38.5,5591,61.5,0,0,0.0,2145,1
2020,"Министерство внутренних дел РФ, включая главное управление по вопросам миграции и главное управление по контролю за оборотом наркотиков","Министерство внутренних дел РФ, включая главное управление по вопросам миграции и главное управление по контролю за оборотом наркотиков",7123,2658,37.0,4465,62.0,0,0,0.0,6224,2
2022,"Министерство внутренних дел РФ, включая главное управление по вопросам миграции и главное управление по контролю за оборотом наркотиков","Министерство внутренних дел РФ, включая главное управление по вопросам миграции и главное управление по контролю за оборотом наркотиков",10703,4328,40.0,6375,59.0,0,0,0.0,30862,7
2021,"Министерство внутренних дел РФ, включая главное управление по вопросам миграции и главное управление по контролю за оборотом наркотиков","Министерство внутренних дел РФ, включая главное управление по вопросам миграции и главное управление по контролю за оборотом наркотиков",7821,2964,37.0,4857,62.0,0,0,0.0,11114,4
2023,Министерство здравоохранения РФ,Министерство здравоохранения РФ,329,203,62.0,126,38.0,1770,0,0.0,146,1
2019,Министерство здравоохранения РФ,Министерство здравоохранения РФ,119,56,47.0,63,52.0,1509,0,0.0,0,0
2024,Министерство здравоохранения РФ,Министерство здравоохранения РФ,330,215,65.0,115,34.0,1724,0,0.0,20,0
2018,Министерство здравоохранения РФ,Министерство здравоохранения РФ,114,39,34.2,75,65.8,1515,0,0.0,50,1
2020,Министерство здравоохранения РФ,Министерство здравоохранения РФ,152,70,46.0,82,53.0,1292,0,0.0,219,3
2022,Министерство здравоохранения РФ,Министерство здравоохранения РФ,169,60,35.0,109,64.0,1743,0,0.0,52,0
2021,Министерство здравоохранения РФ,Министерство здравоохранения РФ,130,44,33.0,86,66.0,1530,0,0.0,119,3
2023,Министерство иностранных дел РФ,Министерство иностранных дел РФ,17,8,47.0,9,53.0,25,0,0.0,0,0
2019,Министерство иностранных дел РФ,Министерство иностранных дел РФ,7,2,28.0,5,71.0,19,0,0.0,0,0
2024,Министерство иностранных дел РФ,Министерство иностранных дел РФ,13,1,7.0,12,92.0,28,0,0.0,0,0
2018,Министерство иностранных дел РФ,Министерство иностранных дел РФ,6,3,50.0,3,50.0,18,0,0.0,0,0
2020,Министерство иностранных дел РФ,Министерство иностранных дел РФ,8,3,37.0,5,62.0,31,0,0.0,0,0
2022,Министерство иностранных дел РФ,Министерство иностранных дел РФ,19,4,21.0,15,78.0,39,0,0.0,0,0
2021,Министерство иностранных дел РФ,Министерство иностранных дел РФ,5,0,0.0,5,100.0,27,0,0.0,0,0
2023,Министерство культуры РФ,Министерство культуры РФ,42,33,79.0,9,21.0,1,0,0.0,0,0
2019,Министерство культуры РФ,Министерство культуры РФ,39,28,71.0,11,28.0,3,0,0.0,0,0
2024,Министерство культуры РФ,Министерство культуры РФ,95,62,65.0,33,34.0,5,0,0.0,0,0
2018,Министерство культуры РФ,Министерство культуры РФ,23,12,52.2,11,47.8,0,0,0.0,0,0
2020,Министерство культуры РФ,Министерство культуры РФ,39,19,48.0,20,51.0,2,0,0.0,0,0
2022,Министерство культуры РФ,Министерство культуры РФ,111,90,81.0,21,18.0,4,0,0.0,0,0
2021,Министерство культуры РФ,Министерство культуры РФ,44,32,72.0,12,27.0,1,0,0.0,0,0
2023,Министерство обороны РФ,Министерство обороны РФ,8429,1802,21.0,6627,79.0,5,0,0.0,2978,2
2019,Министерство обороны РФ,Министерство обороны РФ,3789,1279,33.0,2510,66.0,4,0,0.0,5329,4
2024,Министерство обороны РФ,Министерство обороны РФ,10434,2118,20.0,8316,79.0,12,0,0.0,3215,1
2018,Министерство обороны РФ,Министерство обороны РФ,3776,1593,42.2,2183,57.8,5,0,0.0,1744,1
2020,Министерство обороны РФ,Министерство обороны РФ,3637,1108,30.0,2529,69.0,6,0,0.0,5761,5
2022,Министерство обороны РФ,Министерство обороны РФ,6312,1682,26.0,4630,73.0,12,0,0.0,1586,0
2021,Министерство обороны РФ,Министерство обороны РФ,4889,1366,27.0,3523,72.0,6,0,0.0,1953,1
2023,Министерство образования и науки РФ,Министерство образования и науки РФ,468,393,84.0,75,16.0,1949,0,0.0,301,1
2019,Министерство образования и науки РФ,Министерство образования и науки РФ,165,101,61.0,64,38.0,1053,0,0.0,860,8
2024,Министерство образования и науки РФ,Министерство образования и науки РФ,440,380,86.0,60,13.0,2136,0,0.0,38,0
2018,Министерство образования и науки РФ,Министерство образования и науки РФ,100,46,46.0,54,54.0,991,0,0.0,30,1
2020,Министерство образования и науки РФ,Министерство образования и науки РФ,147,82,55.0,65,44.0,1161,0,0.0,1069,13
2022,Министерство образования и науки РФ,Министерство образования и науки РФ,189,132,69.0,57,30.0,1604,0,0.0,350,2
2021,Министерство образования и науки РФ,Министерство образования и науки РФ,186,116,62.0,70,37.0,1464,0,0.0,2293,20
2023,Министерство природных ресурсов и экологии РФ,Министерство природных ресурсов и экологии РФ,253,189,75.0,64,25.0,88,0,0.0,0,0
2019,Министерство природных ресурсов и экологии РФ,Министерство природных ресурсов и экологии РФ,276,219,79.0,57,20.0,20,0,0.0,2,0
2024,Министерство природных ресурсов и экологии РФ,Министерство природных ресурсов и экологии РФ,374,296,79.0,78,20.0,55,0,0.0,40,0
2018,Министерство природных ресурсов и экологии РФ,Министерство природных ресурсов и экологии РФ,178,140,78.7,38,21.3,18,0,0.0,4,0
2020,Министерство природных ресурсов и экологии РФ,Министерство природных ресурсов и экологии РФ,240,181,75.0,59,24.0,21,0,0.0,25,0
2022,Министерство природных ресурсов и экологии РФ,Министерство природных ресурсов и экологии РФ,237,180,75.0,57,24.0,71,0,0.0,10,0
2021,Министерство природных ресурсов и экологии РФ,Министерство природных ресурсов и экологии РФ,172,120,69.0,52,30.0,30,0,0.0,87,1
2023,Министерство промышленности и торговли РФ,Министерство промышленности и торговли РФ,3,3,100.0,0,0.0,33,0,0.0,0,0
2019,Министерство промышленности и торговли РФ,Министерство промышленности и торговли РФ,15,7,46.0,8,53.0,46,0,0.0,100,14
2024,Министерство промышленности и торговли РФ,Министерство промышленности и торговли РФ,7,2,28.0,5,71.0,27,0,0.0,0,0
2018,Министерство промышленности и торговли РФ,Министерство промышленности и торговли РФ,31,20,64.5,11,35.5,22,0,0.0,0,0
2020,Министерство промышленности и торговли РФ,Министерство промышленности и торговли РФ,8,2,25.0,6,75.0,21,0,0.0,0,0
2022,Министерство промышленности и торговли РФ,Министерство промышленности и торговли РФ,6,2,33.0,4,66.0,29,0,0.0,0,0
2021,Министерство промышленности и торговли РФ,Министерство промышленности и торговли РФ,5,2,40.0,3,60.0,22,0,0.0,0,0
2023,"Министерство РФ по делам гражданской обороны, чрезвычайным ситуациям и ликвидации последствий стихийных бедствий","Министерство РФ по делам гражданской обороны, чрезвычайным ситуациям и ликвидации последствий стихийных бедствий",552,254,46.0,298,54.0,0,0,0.0,60,0
2019,"Министерство РФ по делам гражданской обороны, чрезвычайным ситуациям и ликвидации последствий стихийных бедствий","Министерство РФ по делам гражданской обороны, чрезвычайным ситуациям и ликвидации последствий стихийных бедствий",491,199,40.0,292,59.0,5,0,0.0,6,0
2024,"Министерство РФ по делам гражданской обороны, чрезвычайным ситуациям и ликвидации последствий стихийных бедствий","Министерство РФ по делам гражданской обороны, чрезвычайным ситуациям и ликвидации последствий стихийных бедствий",533,263,49.0,270,50.0,1,0,0.0,0,0
2018,"Министерство РФ по делам гражданской обороны, чрезвычайным ситуациям и ликвидации последствий стихийных бедствий","Министерство РФ по делам гражданской обороны, чрезвычайным ситуациям и ликвидации последствий стихийных бедствий",327,147,45.0,180,55.0,4,0,0.0,2,0
2020,"Министерство РФ по делам гражданской обороны, чрезвычайным ситуациям и ликвидации последствий стихийных бедствий","Министерство РФ по делам гражданской обороны, чрезвычайным ситуациям и ликвидации последствий стихийных бедствий",371,133,35.0,238,64.0,1,0,0.0,5,0
2022,"Министерство РФ по делам гражданской обороны, чрезвычайным ситуациям и ликвидации последствий стихийных бедствий","Министерство РФ по делам гражданской обороны, чрезвычайным ситуациям и ликвидации последствий стихийных бедствий",480,232,48.0,248,51.0,1,0,0.0,0,0
2021,"Министерство РФ по делам гражданской обороны, чрезвычайным ситуациям и ликвидации последствий стихийных бедствий","Министерство РФ по делам гражданской обороны, чрезвычайным ситуациям и ликвидации последствий стихийных бедствий",462,130,28.0,332,71.0,0,0,0.0,15,0
2023,Министерство РФ по развитию Дальнего Востока,Министерство РФ по развитию Дальнего Востока,2,2,100.0,0,0.0,77,0,0.0,0,0
2019,Министерство РФ по развитию Дальнего Востока,Министерство РФ по развитию Дальнего Востока,2,2,100.0,0,0.0,81,0,0.0,0,0
2024,Министерство РФ по развитию Дальнего Востока,Министерство РФ по развитию Дальнего Востока,1,0,0.0,1,100.0,94,0,0.0,0,0
2018,Министерство РФ по развитию Дальнего Востока,Министерство РФ по развитию Дальнего Востока,0,0,0.0,0,0.0,59,0,0.0,0,0
2020,Министерство РФ по развитию Дальнего Востока,Министерство РФ по развитию Дальнего Востока,0,0,0.0,0,0.0,66,0,0.0,0,0
2022,Министерство РФ по развитию Дальнего Востока,Министерство РФ по развитию Дальнего Востока,0,0,0.0,0,0.0,65,0,0.0,0,0
2021,Министерство РФ по развитию Дальнего Востока,Министерство РФ по развитию Дальнего Востока,0,0,0.0,0,0.0,79,0,0.0,0,0
2023,Министерство связи и массовых коммуникаций РФ,Министерство связи и массовых коммуникаций РФ,438,420,96.0,18,4.0,0,0,0.0,7,0
2019,Министерство связи и массовых коммуникаций РФ,Министерство связи и массовых коммуникаций РФ,1327,1296,97.0,31,2.0,0,0,0.0,0,0
2024,Министерство связи и массовых коммуникаций РФ,Министерство связи и массовых коммуникаций РФ,245,233,95.0,12,4.0,0,0,0.0,0,0
2018,Министерство связи и массовых коммуникаций РФ,Министерство связи и массовых коммуникаций РФ,553,541,97.8,12,2.2,0,0,0.0,0,0
2020,Министерство связи и массовых коммуникаций РФ,Министерство связи и массовых коммуникаций РФ,1651,1649,99.0,2,0.0,0,0,0.0,0,0
2022,Министерство связи и массовых коммуникаций РФ,Министерство связи и массовых коммуникаций РФ,980,960,97.0,20,2.0,1,0,0.0,0,0
2021,Министерство связи и массовых коммуникаций РФ,Министерство связи и массовых коммуникаций РФ,1710,1699,99.0,11,0.0,0,0,0.0,76,0
2023,Министерство РФ по делам Северного Кавказа,Министерство РФ по делам Северного Кавказа,0,0,0.0,0,0.0,57,0,0.0,0,0
2019,Министерство РФ по делам Северного Кавказа,Министерство РФ по делам Северного Кавказа,0,0,0.0,0,0.0,160,0,0.0,0,0
2024,Министерство РФ по делам Северного Кавказа,Министерство РФ по делам Северного Кавказа,0,0,0.0,0,0.0,16,0,0.0,0,0
2018,Министерство РФ по делам Северного Кавказа,Министерство РФ по делам Северного Кавказа,1,1,100.0,0,0.0,36,0,0.0,0,0
2020,Министерство РФ по делам Северного Кавказа,Министерство РФ по делам Северного Кавказа,0,0,0.0,0,0.0,344,0,0.0,0,0
2022,Министерство РФ по делам Северного Кавказа,Министерство РФ по делам Северного Кавказа,0,0,0.0,0,0.0,215,0,0.0,0,0
2021,Министерство РФ по делам Северного Кавказа,Министерство РФ по делам Северного Кавказа,1,1,100.0,0,0.0,424,0,0.0,0,0
2023,Министерство сельского хозяйства РФ,Министерство сельского хозяйства РФ,32,21,66.0,11,34.0,0,0,0.0,330,16
2019,Министерство сельского хозяйства РФ,Министерство сельского хозяйства РФ,49,35,71.0,14,28.0,0,0,0.0,0,0
2024,Министерство сельского хозяйства РФ,Министерство сельского хозяйства РФ,42,20,47.0,22,52.0,0,0,0.0,0,0
2018,Министерство сельского хозяйства РФ,Министерство сельского хозяйства РФ,58,42,72.4,16,27.6,0,0,0.0,3,0
2020,Министерство сельского хозяйства РФ,Министерство сельского хозяйства РФ,36,21,58.0,15,41.0,0,0,0.0,2,0
2022,Министерство сельского хозяйства РФ,Министерство сельского хозяйства РФ,41,25,60.0,16,39.0,0,0,0.0,0,0
2021,Министерство сельского хозяйства РФ,Министерство сельского хозяйства РФ,40,19,47.0,21,52.0,0,0,0.0,0,0
2023,Министерство спорта РФ,Министерство спорта РФ,6,3,50.0,3,50.0,3,0,0.0,0,0
2019,Министерство спорта РФ,Министерство спорта РФ,7,5,71.0,2,28.0,4,0,0.0,0,0
2024,Министерство спорта РФ,Министерство спорта РФ,7,3,42.0,4,57.0,7,0,0.0,0,0
2018,Министерство спорта РФ,Министерство спорта РФ,3,2,66.7,1,33.3,8,0,0.0,0,0
2020,Министерство спорта РФ,Министерство спорта РФ,8,1,12.0,7,87.0,4,0,0.0,0,0
2022,Министерство спорта РФ,Министерство спорта РФ,7,2,28.0,5,71.0,5,0,0.0,0,0
2021,Министерство спорта РФ,Министерство спорта РФ,5,3,60.0,2,40.0,2,0,0.0,0,0
2023,Министерство строительства и жилищно-коммунального хозяйства РФ,Министерство строительства и жилищно-коммунального хозяйства РФ,1166,1007,86.0,159,14.0,5,0,0.0,24832,25
2019,Министерство строительства и жилищно-коммунального хозяйства РФ,Министерство строительства и жилищно-коммунального хозяйства РФ,1418,1172,82.0,246,17.0,0,0,0.0,13036,11
2024,Министерство строительства и жилищно-коммунального хозяйства РФ,Министерство строительства и жилищно-коммунального хозяйства РФ,1156,933,80.0,223,19.0,0,0,0.0,20517,21
2018,Министерство строительства и жилищно-коммунального хозяйства РФ,Министерство строительства и жилищно-коммунального хозяйства РФ,911,737,80.9,174,19.1,1,0,0.0,29241,40
2020,Министерство строительства и жилищно-коммунального хозяйства РФ,Министерство строительства и жилищно-коммунального хозяйства РФ,913,739,80.0,174,19.0,0,0,0.0,15330,21
2022,Министерство строительства и жилищно-коммунального хозяйства РФ,Министерство строительства и жилищно-коммунального хозяйства РФ,1217,1071,88.0,146,11.0,4,0,0.0,25668,23
2021,Министерство строительства и жилищно-коммунального хозяйства РФ,Министерство строительства и жилищно-коммунального хозяйства РФ,1244,1079,86.0,165,13.0,0,0,0.0,30231,28
2023,Счетная палата РФ,Счетная палата РФ,0,0,0.0,0,0.0,35,0,0.0,0,0
2019,Счетная палата РФ,Счетная палата РФ,0,0,0.0,0,0.0,103,0,0.0,0,0
2024,Счетная палата РФ,Счетная палата РФ,0,0,0.0,0,0.0,63,0,0.0,0,0
2018,Счетная палата РФ,Счетная палата РФ,0,0,0.0,0,0.0,57,0,0.0,0,0
2020,Счетная палата РФ,Счетная палата РФ,0,0,0.0,0,0.0,32,0,0.0,0,0
2022,Счетная палата РФ,Счетная палата РФ,0,0,0.0,0,0.0,49,0,0.0,0,0
2021,Счетная палата РФ,Счетная палата РФ,0,0,0.0,0,0.0,35,0,0.0,0,0
2023,Министерство транспорта РФ,Министерство транспорта РФ,161,125,78.0,36,22.0,0,0,0.0,0,0
2019,Министерство транспорта РФ,Министерство транспорта РФ,74,37,50.0,37,50.0,0,0,0.0,0,0
2024,Министерство транспорта РФ,Министерство транспорта РФ,179,137,76.0,42,23.0,0,0,0.0,0,0
2018,Министерство транспорта РФ,Министерство транспорта РФ,141,108,76.6,33,23.4,0,0,0.0,0,0
2020,Министерство транспорта РФ,Министерство транспорта РФ,63,37,58.0,26,41.0,0,0,0.0,2,0
2022,Министерство транспорта РФ,Министерство транспорта РФ,185,148,80.0,37,20.0,0,0,0.0,25,0
2021,Министерство транспорта РФ,Министерство транспорта РФ,107,91,85.0,16,15.0,0,0,0.0,0,0
2023,Министерство труда и социальной защиты РФ,Министерство труда и социальной защиты РФ,615,401,65.0,214,35.0,11,0,0.0,4750,12
2019,Министерство труда и социальной защиты РФ,Министерство труда и социальной защиты РФ,447,211,47.0,236,52.0,14,0,0.0,264,1
2024,Министерство труда и социальной защиты РФ,Министерство труда и социальной защиты РФ,539,292,54.0,247,45.0,28,0,0.0,1539,5
2018,Министерство труда и социальной защиты РФ,Министерство труда и социальной защиты РФ,433,203,46.9,230,53.1,17,0,0.0,34,0
2020,Министерство труда и социальной защиты РФ,Министерство труда и социальной защиты РФ,494,219,44.0,275,55.0,8,0,0.0,840,4
2022,Министерство труда и социальной защиты РФ,Министерство труда и социальной защиты РФ,588,372,63.0,216,36.0,11,0,0.0,18383,49
2021,Министерство труда и социальной защиты РФ,Министерство труда и социальной защиты РФ,551,297,53.0,254,46.0,14,0,0.0,7307,25
2023,Министерство финансов РФ,Министерство финансов РФ,2130,974,46.0,1156,54.0,56,0,0.0,24191,25
2019,Министерство финансов РФ,Министерство финансов РФ,549,300,54.0,249,45.0,68,0,0.0,12651,42
2024,Министерство финансов РФ,Министерство финансов РФ,1868,819,43.0,1049,56.0,32,0,0.0,24047,29
2018,Министерство финансов РФ,Министерство финансов РФ,504,260,51.6,244,48.4,84,0,0.0,14760,57
2020,Министерство финансов РФ,Министерство финансов РФ,743,442,59.0,301,40.0,68,0,0.0,17034,39
2022,Министерство финансов РФ,Министерство финансов РФ,1884,839,44.0,1045,55.0,47,0,0.0,30908,36
2021,Министерство финансов РФ,Министерство финансов РФ,1034,570,55.0,464,44.0,64,0,0.0,26856,47
2023,Министерство экономического развития РФ,Министерство экономического развития РФ,77,48,62.0,29,38.0,141,0,0.0,0,0
2019,Министерство экономического развития РФ,Министерство экономического развития РФ,65,45,69.0,20,30.0,45,0,0.0,20,0
2024,Министерство экономического развития РФ,Министерство экономического развития РФ,48,37,77.0,11,22.0,147,0,0.0,0,0
2018,Министерство экономического развития РФ,Министерство экономического развития РФ,43,15,34.9,28,65.1,38,0,0.0,0,0
2020,Министерство экономического развития РФ,Министерство экономического развития РФ,46,18,39.0,28,60.0,48,0,0.0,0,0
2022,Министерство экономического развития РФ,Министерство экономического развития РФ,36,19,52.0,17,47.0,117,0,0.0,0,0
2021,Министерство экономического развития РФ,Министерство экономического развития РФ,55,21,38.0,34,61.0,88,0,0.0,0,0
2023,Министерство энергетики РФ,Министерство энергетики РФ,10,4,40.0,6,60.0,8,0,0.0,0,0
2019,Министерство энергетики РФ,Министерство энергетики РФ,24,8,33.0,16,66.0,5,0,0.0,0,0
2024,Министерство энергетики РФ,Министерство энергетики РФ,5,0,0.0,5,100.0,7,0,0.0,0,0
2018,Министерство энергетики РФ,Министерство энергетики РФ,5,0,0.0,5,100.0,11,0,0.0,0,0
2020,Министерство энергетики РФ,Министерство энергетики РФ,10,1,10.0,9,90.0,6,0,0.0,0,0
2022,Министерство энергетики РФ,Министерство энергетики РФ,8,5,62.0,3,37.0,11,0,0.0,0,0
2021,Министерство энергетики РФ,Министерство энергетики РФ,10,4,40.0,6,60.0,6,0,0.0,0,0
2023,Министерство юстиции РФ,Министерство юстиции РФ,366,101,28.0,265,72.0,1,0,0.0,51,1
2019,Министерство юстиции РФ,Министерство юстиции РФ,614,119,19.0,495,80.0,4,0,0.0,183,1
2024,Министерство юстиции РФ,Министерство юстиции РФ,422,116,27.0,306,72.0,3,0,0.0,0,0
2018,Министерство юстиции РФ,Министерство юстиции РФ,663,117,17.6,546,82.4,1,0,0.0,14,0
2020,Министерство юстиции РФ,Министерство юстиции РФ,426,96,22.0,330,77.0,0,0,0.0,0,0
2022,Министерство юстиции РФ,Министерство юстиции РФ,369,105,28.0,264,71.0,2,0,0.0,112,1
2021,Министерство юстиции РФ,Министерство юстиции РФ,586,99,16.0,487,83.0,1,0,0.0,88,1
2023,Государственная фельдъегерская служба РФ,Государственная фельдъегерская служба РФ,25,9,36.0,16,64.0,74,0,0.0,0,0
2019,Государственная фельдъегерская служба РФ,Государственная фельдъегерская служба РФ,15,9,60.0,6,40.0,148,0,0.0,0,0
2024,Государственная фельдъегерская служба РФ,Государственная фельдъегерская служба РФ,29,8,27.0,21,72.0,68,0,0.0,15,1
2018,Государственная фельдъегерская служба РФ,Государственная фельдъегерская служба РФ,8,3,37.5,5,62.5,131,0,0.0,0,0
2020,Государственная фельдъегерская служба РФ,Государственная фельдъегерская служба РФ,8,4,50.0,4,50.0,70,0,0.0,0,0
2022,Государственная фельдъегерская служба РФ,Государственная фельдъегерская служба РФ,33,9,27.0,24,72.0,72,0,0.0,0,0
2021,Государственная фельдъегерская служба РФ,Государственная фельдъегерская служба РФ,20,4,20.0,16,80.0,89,0,0.0,0,0
2023,Служба внешней разведки РФ,Служба внешней разведки РФ,7,2,29.0,5,71.0,12,0,0.0,0,0
2019,Служба внешней разведки РФ,Служба внешней разведки РФ,5,3,60.0,2,40.0,1,0,0.0,0,0
2024,Служба внешней разведки РФ,Служба внешней разведки РФ,4,3,75.0,1,25.0,8,0,0.0,0,0
2018,Служба внешней разведки РФ,Служба внешней разведки РФ,2,1,50.0,1,50.0,4,0,0.0,0,0
2020,Служба внешней разведки РФ,Служба внешней разведки РФ,1,0,0.0,1,100.0,4,0,0.0,0,0
2022,Служба внешней разведки РФ,Служба внешней разведки РФ,1,1,100.0,0,0.0,4,0,0.0,0,0
2021,Служба внешней разведки РФ,Служба внешней разведки РФ,8,2,25.0,6,75.0,5,0,0.0,0,0
2023,Федеральная антимонопольная служба,Федеральная антимонопольная служба,22,1,5.0,21,95.0,3,0,0.0,0,0
2019,Федеральная антимонопольная служба,Федеральная антимонопольная служба,35,12,34.0,23,65.0,1,0,0.0,0,0
2024,Федеральная антимонопольная служба,Федеральная антимонопольная служба,24,7,29.0,17,70.0,1,0,0.0,4,0
2018,Федеральная антимонопольная служба,Федеральная антимонопольная служба,32,9,28.1,23,71.9,2,0,0.0,0,0
2020,Федеральная антимонопольная служба,Федеральная антимонопольная служба,43,9,20.0,34,79.0,1,0,0.0,0,0
2022,Федеральная антимонопольная служба,Федеральная антимонопольная служба,33,8,24.0,25,75.0,1,0,0.0,0,0
2021,Федеральная антимонопольная служба,Федеральная антимонопольная служба,32,9,28.0,23,71.0,1,0,0.0,0,0
2023,Федеральная налоговая служба,Федеральная налоговая служба,3172,1688,53.0,1484,47.0,7,0,0.0,4712,3
2019,Федеральная налоговая служба,Федеральная налоговая служба,2895,1628,56.0,1267,43.0,7,961,33.0,69451,42
2024,Федеральная налоговая служба,Федеральная налоговая служба,5318,3025,56.0,2293,43.0,12,0,0.0,7902,2
2018,Федеральная налоговая служба,Федеральная налоговая служба,4865,3557,73.1,1308,26.9,15,1822,37.5,43805,12
2020,Федеральная налоговая служба,Федеральная налоговая служба,2660,1517,57.0,1143,43.0,4,868,32.0,47915,32
2022,Федеральная налоговая служба,Федеральная налоговая служба,2358,1121,47.0,1237,52.0,7,0,0.0,10950,9
2021,Федеральная налоговая служба,Федеральная налоговая служба,1870,710,38.0,1160,62.0,5,0,0.0,2209,3
2023,Федеральная служба безопасности РФ,Федеральная служба безопасности РФ,190,26,14.0,164,86.0,348,0,0.0,0,0
2019,Федеральная служба безопасности РФ,Федеральная служба безопасности РФ,276,46,16.0,230,83.0,321,0,0.0,0,0
2024,Федеральная служба безопасности РФ,Федеральная служба безопасности РФ,224,23,10.0,201,89.0,582,0,0.0,0,0
2018,Федеральная служба безопасности РФ,Федеральная служба безопасности РФ,251,48,19.1,203,80.9,510,0,0.0,0,0
2020,Федеральная служба безопасности РФ,Федеральная служба безопасности РФ,249,39,15.0,210,84.0,238,0,0.0,0,0
2022,Федеральная служба безопасности РФ,Федеральная служба безопасности РФ,218,24,11.0,194,88.0,260,0,0.0,0,0
2021,Федеральная служба безопасности РФ,Федеральная служба безопасности РФ,210,30,14.0,180,85.0,235,0,0.0,34,1
2023,"Федеральная служба государственной регистрации, кадастра и картографии","Федеральная служба государственной регистрации, кадастра и картографии",3624,2178,60.0,1446,40.0,42,0,0.0,1044393,480
2019,"Федеральная служба государственной регистрации, кадастра и картографии","Федеральная служба государственной регистрации, кадастра и картографии",5044,3016,59.0,2028,40.0,44,0,0.0,1119,0
2024,"Федеральная служба государственной регистрации, кадастра и картографии","Федеральная служба государственной регистрации, кадастра и картографии",4592,3095,67.0,1497,32.0,33,0,0.0,4017898,1298
2018,"Федеральная служба государственной регистрации, кадастра и картографии","Федеральная служба государственной регистрации, кадастра и картографии",6004,3677,61.2,2327,38.8,44,0,0.0,239,0
2020,"Федеральная служба государственной регистрации, кадастра и картографии","Федеральная служба государственной регистрации, кадастра и картографии",4698,2944,62.0,1754,37.0,53,0,0.0,2,0
2022,"Федеральная служба государственной регистрации, кадастра и картографии","Федеральная служба государственной регистрации, кадастра и картографии",4725,3175,67.0,1550,32.0,41,0,0.0,6876454,2165
2021,"Федеральная служба государственной регистрации, кадастра и картографии","Федеральная служба государственной регистрации, кадастра и картографии",5042,3154,62.0,1888,37.0,33,0,0.0,682,0
2023,Федеральная служба государственной статистики,Федеральная служба государственной статистики,6,2,33.0,4,67.0,756,0,0.0,0,0
2019,Федеральная служба государственной статистики,Федеральная служба государственной статистики,13,1,7.0,12,92.0,937,0,0.0,0,0
2024,Федеральная служба государственной статистики,Федеральная служба государственной статистики,6,4,66.0,2,33.0,743,0,0.0,0,0
2018,Федеральная служба государственной статистики,Федеральная служба государственной статистики,0,0,0.0,0,0.0,1000,0,0.0,0,0
2020,Федеральная служба государственной статистики,Федеральная служба государственной статистики,6,2,33.0,4,66.0,735,0,0.0,0,0
2022,Федеральная служба государственной статистики,Федеральная служба государственной статистики,12,4,33.0,8,66.0,809,0,0.0,0,0
2021,Федеральная служба государственной статистики,Федеральная служба государственной статистики,12,5,41.0,7,58.0,884,0,0.0,0,0
2023,"Федеральная служба по экологическому, технологическому и атомному надзору","Федеральная служба по экологическому, технологическому и атомному надзору",17,12,71.0,5,29.0,1,0,0.0,0,0
2019,"Федеральная служба по экологическому, технологическому и атомному надзору","Федеральная служба по экологическому, технологическому и атомному надзору",275,269,97.0,6,2.0,4,0,0.0,0,0
2024,"Федеральная служба по экологическому, технологическому и атомному надзору","Федеральная служба по экологическому, технологическому и атомному надзору",8,3,37.0,5,62.0,3,0,0.0,0,0
2018,"Федеральная служба по экологическому, технологическому и атомному надзору","Федеральная служба по экологическому, технологическому и атомному надзору",32,15,46.9,17,53.1,1,0,0.0,4,0
2020,"Федеральная служба по экологическому, технологическому и атомному надзору","Федеральная служба по экологическому, технологическому и атомному надзору",39,25,64.0,14,35.0,0,0,0.0,0,0
2022,"Федеральная служба по экологическому, технологическому и атомному надзору","Федеральная служба по экологическому, технологическому и атомному надзору",27,13,48.0,14,51.0,2,0,0.0,0,0
2021,"Федеральная служба по экологическому, технологическому и атомному надзору","Федеральная служба по экологическому, технологическому и атомному надзору",34,21,61.0,13,38.0,2,0,0.0,0,0
2023,Федеральная служба войск национальной гвардии РФ,Федеральная служба войск национальной гвардии РФ,298,69,23.0,229,77.0,2,0,0.0,0,0
2019,Федеральная служба войск национальной гвардии РФ,Федеральная служба войск национальной гвардии РФ,285,61,21.0,224,78.0,29,0,0.0,0,0
2024,Федеральная служба войск национальной гвардии РФ,Федеральная служба войск национальной гвардии РФ,263,61,23.0,202,76.0,3,0,0.0,0,0
2018,Федеральная служба войск национальной гвардии РФ,Федеральная служба войск национальной гвардии РФ,293,83,28.3,210,71.7,11,0,0.0,0,0
2020,Федеральная служба войск национальной гвардии РФ,Федеральная служба войск национальной гвардии РФ,218,68,31.0,150,68.0,4,0,0.0,8838,130
2022,Федеральная служба войск национальной гвардии РФ,Федеральная служба войск национальной гвардии РФ,286,101,35.0,185,64.0,10,0,0.0,0,0
2021,Федеральная служба войск национальной гвардии РФ,Федеральная служба войск национальной гвардии РФ,245,73,29.0,172,70.0,11,0,0.0,3590,49
2023,Федеральная служба исполнения наказаний,Федеральная служба исполнения наказаний,12178,4982,41.0,7196,59.0,36,0,0.0,54988,11
2019,Федеральная служба исполнения наказаний,Федеральная служба исполнения наказаний,1762,329,18.0,1433,81.0,62,0,0.0,497,1
2024,Федеральная служба исполнения наказаний,Федеральная служба исполнения наказаний,8477,2493,29.0,5984,70.0,59,0,0.0,14020,5
2018,Федеральная служба исполнения наказаний,Федеральная служба исполнения наказаний,1363,218,16.0,1145,84.0,73,0,0.0,77,0
2020,Федеральная служба исполнения наказаний,Федеральная служба исполнения наказаний,2152,464,21.0,1688,78.0,45,0,0.0,5933,13
2022,Федеральная служба исполнения наказаний,Федеральная служба исполнения наказаний,9153,3838,41.0,5315,58.0,39,0,0.0,42624,11
2021,Федеральная служба исполнения наказаний,Федеральная служба исполнения наказаний,4051,1248,30.0,2803,69.0,28,0,0.0,18365,15
2023,Федеральная служба охраны РФ,Федеральная служба охраны РФ,40,20,50.0,20,50.0,1068,0,0.0,0,0
2019,Федеральная служба охраны РФ,Федеральная служба охраны РФ,30,6,20.0,24,80.0,265,0,0.0,0,0
2024,Федеральная служба охраны РФ,Федеральная служба охраны РФ,38,15,39.0,23,60.0,964,0,0.0,0,0
2018,Федеральная служба охраны РФ,Федеральная служба охраны РФ,38,16,42.1,22,57.9,193,0,0.0,0,0
2020,Федеральная служба охраны РФ,Федеральная служба охраны РФ,42,10,23.0,32,76.0,392,0,0.0,0,0
2022,Федеральная служба охраны РФ,Федеральная служба охраны РФ,44,15,34.0,29,65.0,918,0,0.0,0,0
2021,Федеральная служба охраны РФ,Федеральная служба охраны РФ,51,18,35.0,33,64.0,488,0,0.0,8,0
2023,Федеральная служба по аккредитации,Федеральная служба по аккредитации,0,0,0.0,0,0.0,4,0,0.0,0,0
2019,Федеральная служба по аккредитации,Федеральная служба по аккредитации,0,0,0.0,0,0.0,5,0,0.0,0,0
2024,Федеральная служба по аккредитации,Федеральная служба по аккредитации,2,0,0.0,2,100.0,10,0,0.0,0,0
2018,Федеральная служба по аккредитации,Федеральная служба по аккредитации,2,1,50.0,1,50.0,7,0,0.0,0,0
2020,Федеральная служба по аккредитации,Федеральная служба по аккредитации,0,0,0.0,0,0.0,4,0,0.0,0,0
2022,Федеральная служба по аккредитации,Федеральная служба по аккредитации,0,0,0.0,0,0.0,6,0,0.0,0,0
2021,Федеральная служба по аккредитации,Федеральная служба по аккредитации,0,0,0.0,0,0.0,5,0,0.0,0,0
2023,Федеральная служба по ветеринарному и фитосанитарному надзору,Федеральная служба по ветеринарному и фитосанитарному надзору,41,25,61.0,16,39.0,0,0,0.0,0,0
2019,Федеральная служба по ветеринарному и фитосанитарному надзору,Федеральная служба по ветеринарному и фитосанитарному надзору,54,15,27.0,39,72.0,1,0,0.0,2,0
2024,Федеральная служба по ветеринарному и фитосанитарному надзору,Федеральная служба по ветеринарному и фитосанитарному надзору,32,14,43.0,18,56.0,0,0,0.0,0,0
2018,Федеральная служба по ветеринарному и фитосанитарному надзору,Федеральная служба по ветеринарному и фитосанитарному надзору,43,11,25.6,32,74.4,1,0,0.0,0,0
2020,Федеральная служба по ветеринарному и фитосанитарному надзору,Федеральная служба по ветеринарному и фитосанитарному надзору,29,14,48.0,15,51.0,0,0,0.0,0,0
2022,Федеральная служба по ветеринарному и фитосанитарному надзору,Федеральная служба по ветеринарному и фитосанитарному надзору,20,7,35.0,13,65.0,2,0,0.0,0,0
2021,Федеральная служба по ветеринарному и фитосанитарному надзору,Федеральная служба по ветеринарному и фитосанитарному надзору,35,18,51.0,17,48.0,0,0,0.0,0,0
2023,Федеральная служба по военно-техническому сотрудничеству,Федеральная служба по военно-техническому сотрудничеству,20,2,10.0,18,90.0,2,0,0.0,0,0
2019,Федеральная служба по военно-техническому сотрудничеству,Федеральная служба по военно-техническому сотрудничеству,5,1,20.0,4,80.0,6,0,0.0,0,0
2024,Федеральная служба по военно-техническому сотрудничеству,Федеральная служба по военно-техническому сотрудничеству,17,1,5.0,16,94.0,8,0,0.0,0,0
2018,Федеральная служба по военно-техническому сотрудничеству,Федеральная служба по военно-техническому сотрудничеству,12,7,58.3,5,41.7,13,0,0.0,0,0
2020,Федеральная служба по военно-техническому сотрудничеству,Федеральная служба по военно-техническому сотрудничеству,23,2,8.0,21,91.0,5,0,0.0,0,0
2022,Федеральная служба по военно-техническому сотрудничеству,Федеральная служба по военно-техническому сотрудничеству,19,2,10.0,17,89.0,2,0,0.0,0,0
2021,Федеральная служба по военно-техническому сотрудничеству,Федеральная служба по военно-техническому сотрудничеству,26,5,19.0,21,80.0,37,0,0.0,0,0
2023,Федеральная служба по гидрометеорологии и мониторингу окружающей среды,Федеральная служба по гидрометеорологии и мониторингу окружающей среды,6,2,33.0,4,67.0,3,0,0.0,0,0
2019,Федеральная служба по гидрометеорологии и мониторингу окружающей среды,Федеральная служба по гидрометеорологии и мониторингу окружающей среды,9,6,66.0,3,33.0,2,0,0.0,0,0
2024,Федеральная служба по гидрометеорологии и мониторингу окружающей среды,Федеральная служба по гидрометеорологии и мониторингу окружающей среды,13,10,76.0,3,23.0,3,0,0.0,0,0
2018,Федеральная служба по гидрометеорологии и мониторингу окружающей среды,Федеральная служба по гидрометеорологии и мониторингу окружающей среды,3,2,66.7,1,33.3,3,0,0.0,0,0
2020,Федеральная служба по гидрометеорологии и мониторингу окружающей среды,Федеральная служба по гидрометеорологии и мониторингу окружающей среды,5,2,40.0,3,60.0,7,0,0.0,0,0
2022,Федеральная служба по гидрометеорологии и мониторингу окружающей среды,Федеральная служба по гидрометеорологии и мониторингу окружающей среды,4,3,75.0,1,25.0,12,0,0.0,0,0
2021,Федеральная служба по гидрометеорологии и мониторингу окружающей среды,Федеральная служба по гидрометеорологии и мониторингу окружающей среды,9,8,88.0,1,11.0,5,0,0.0,0,0
2023,Федеральная служба по интеллектуальной собственности,Федеральная служба по интеллектуальной собственности,7,4,57.0,3,43.0,1,0,0.0,0,0
2019,Федеральная служба по интеллектуальной собственности,Федеральная служба по интеллектуальной собственности,2,0,0.0,2,100.0,0,0,0.0,0,0
2024,Федеральная служба по интеллектуальной собственности,Федеральная служба по интеллектуальной собственности,1,0,0.0,1,100.0,0,0,0.0,0,0
2018,Федеральная служба по интеллектуальной собственности,Федеральная служба по интеллектуальной собственности,4,3,75.0,1,25.0,0,0,0.0,0,0
2020,Федеральная служба по интеллектуальной собственности,Федеральная служба по интеллектуальной собственности,3,1,33.0,2,66.0,0,0,0.0,0,0
2022,Федеральная служба по интеллектуальной собственности,Федеральная служба по интеллектуальной собственности,7,7,100.0,0,0.0,0,0,0.0,0,0
2021,Федеральная служба по интеллектуальной собственности,Федеральная служба по интеллектуальной собственности,4,1,25.0,3,75.0,0,0,0.0,0,0
2023,Федеральная служба по надзору в сфере защиты прав потребителей и благополучия человека,Федеральная служба по надзору в сфере защиты прав потребителей и благополучия человека,203,104,51.0,99,49.0,0,0,0.0,0,0
2019,Федеральная служба по надзору в сфере защиты прав потребителей и благополучия человека,Федеральная служба по надзору в сфере защиты прав потребителей и благополучия человека,315,194,61.0,121,38.0,1,0,0.0,0,0
2024,Федеральная служба по надзору в сфере защиты прав потребителей и благополучия человека,Федеральная служба по надзору в сфере защиты прав потребителей и благополучия человека,224,89,39.0,135,60.0,0,0,0.0,0,0
2018,Федеральная служба по надзору в сфере защиты прав потребителей и благополучия человека,Федеральная служба по надзору в сфере защиты прав потребителей и благополучия человека,429,280,65.3,149,34.7,1,0,0.0,4,0
2020,Федеральная служба по надзору в сфере защиты прав потребителей и благополучия человека,Федеральная служба по надзору в сфере защиты прав потребителей и благополучия человека,503,334,66.0,169,33.0,1,0,0.0,33,0
2022,Федеральная служба по надзору в сфере защиты прав потребителей и благополучия человека,Федеральная служба по надзору в сфере защиты прав потребителей и благополучия человека,290,141,48.0,149,51.0,2,0,0.0,0,0
2021,Федеральная служба по надзору в сфере защиты прав потребителей и благополучия человека,Федеральная служба по надзору в сфере защиты прав потребителей и благополучия человека,496,343,69.0,153,30.0,0,0,0.0,37,0
2023,Федеральная служба по надзору в сфере здравоохранения,Федеральная служба по надзору в сфере здравоохранения,77,60,78.0,17,22.0,21,0,0.0,0,0
2019,Федеральная служба по надзору в сфере здравоохранения,Федеральная служба по надзору в сфере здравоохранения,31,12,38.0,19,61.0,66,0,0.0,0,0
2024,Федеральная служба по надзору в сфере здравоохранения,Федеральная служба по надзору в сфере здравоохранения,30,15,50.0,15,50.0,31,0,0.0,10,0
2018,Федеральная служба по надзору в сфере здравоохранения,Федеральная служба по надзору в сфере здравоохранения,33,9,27.3,24,72.7,54,0,0.0,0,0
2020,Федеральная служба по надзору в сфере здравоохранения,Федеральная служба по надзору в сфере здравоохранения,28,13,46.0,15,53.0,49,0,0.0,0,0
2022,Федеральная служба по надзору в сфере здравоохранения,Федеральная служба по надзору в сфере здравоохранения,71,59,83.0,12,16.0,49,0,0.0,25,0
2021,Федеральная служба по надзору в сфере здравоохранения,Федеральная служба по надзору в сфере здравоохранения,38,11,28.0,27,71.0,49,0,0.0,0,0
2023,Федеральная служба по надзору в сфере образования и науки,Федеральная служба по надзору в сфере образования и науки,37,29,78.0,8,22.0,4,0,0.0,0,0
2019,Федеральная служба по надзору в сфере образования и науки,Федеральная служба по надзору в сфере образования и науки,7,4,57.0,3,42.0,5,0,0.0,0,0
2024,Федеральная служба по надзору в сфере образования и науки,Федеральная служба по надзору в сфере образования и науки,32,25,78.0,7,21.0,6,0,0.0,0,0
2018,Федеральная служба по надзору в сфере образования и науки,Федеральная служба по надзору в сфере образования и науки,7,2,28.6,5,71.4,5,0,0.0,0,0
2020,Федеральная служба по надзору в сфере образования и науки,Федеральная служба по надзору в сфере образования и науки,28,22,78.0,6,21.0,3,0,0.0,0,0
2022,Федеральная служба по надзору в сфере образования и науки,Федеральная служба по надзору в сфере образования и науки,87,80,91.0,7,8.0,4,0,0.0,0,0
2021,Федеральная служба по надзору в сфере образования и науки,Федеральная служба по надзору в сфере образования и науки,30,23,76.0,7,23.0,3,0,0.0,0,0
2023,Федеральная служба по надзору в сфере природопользования,Федеральная служба по надзору в сфере природопользования,274,234,85.0,40,15.0,4,0,0.0,0,0
2019,Федеральная служба по надзору в сфере природопользования,Федеральная служба по надзору в сфере природопользования,107,57,53.0,50,46.0,4,0,0.0,0,0
2024,Федеральная служба по надзору в сфере природопользования,Федеральная служба по надзору в сфере природопользования,788,736,93.0,52,6.0,4,0,0.0,0,0
2018,Федеральная служба по надзору в сфере природопользования,Федеральная служба по надзору в сфере природопользования,126,73,57.9,53,42.1,1,0,0.0,308,4
2020,Федеральная служба по надзору в сфере природопользования,Федеральная служба по надзору в сфере природопользования,117,81,69.0,36,30.0,0,0,0.0,0,0
2022,Федеральная служба по надзору в сфере природопользования,Федеральная служба по надзору в сфере природопользования,135,86,63.0,49,36.0,14,0,0.0,0,0
2021,Федеральная служба по надзору в сфере природопользования,Федеральная служба по надзору в сфере природопользования,181,146,80.0,35,19.0,22,0,0.0,8,0
2023,"Федеральная служба по надзору в сфере связи, информационных технологий и массовых коммуникаций","Федеральная служба по надзору в сфере связи, информационных технологий и массовых коммуникаций",5639,5550,98.0,89,2.0,80,0,0.0,636,0
2019,"Федеральная служба по надзору в сфере связи, информационных технологий и массовых коммуникаций","Федеральная служба по надзору в сфере связи, информационных технологий и массовых коммуникаций",36193,36007,99.0,186,0.0,14,0,0.0,603,0
2024,"Федеральная служба по надзору в сфере связи, информационных технологий и массовых коммуникаций","Федеральная служба по надзору в сфере связи, информационных технологий и массовых коммуникаций",2885,2835,98.0,50,1.0,114,0,0.0,2,0
2018,"Федеральная служба по надзору в сфере связи, информационных технологий и массовых коммуникаций","Федеральная служба по надзору в сфере связи, информационных технологий и массовых коммуникаций",19809,19706,99.5,103,0.5,23,0,0.0,0,0
2020,"Федеральная служба по надзору в сфере связи, информационных технологий и массовых коммуникаций","Федеральная служба по надзору в сфере связи, информационных технологий и массовых коммуникаций",27082,26987,99.0,95,0.0,17,0,0.0,0,0
2022,"Федеральная служба по надзору в сфере связи, информационных технологий и массовых коммуникаций","Федеральная служба по надзору в сфере связи, информационных технологий и массовых коммуникаций",16186,16101,99.0,85,0.0,42,0,0.0,79,0
2021,"Федеральная служба по надзору в сфере связи, информационных технологий и массовых коммуникаций","Федеральная служба по надзору в сфере связи, информационных технологий и массовых коммуникаций",24935,24849,99.0,86,0.0,36,0,0.0,0,0
2023,Федеральная служба по надзору в сфере транспорта,Федеральная служба по надзору в сфере транспорта,22,13,59.0,9,41.0,596,0,0.0,0,0
2019,Федеральная служба по надзору в сфере транспорта,Федеральная служба по надзору в сфере транспорта,34,18,52.0,16,47.0,5128,0,0.0,0,0
2024,Федеральная служба по надзору в сфере транспорта,Федеральная служба по надзору в сфере транспорта,45,34,75.0,11,24.0,204,0,0.0,0,0
2018,Федеральная служба по надзору в сфере транспорта,Федеральная служба по надзору в сфере транспорта,43,21,48.8,22,51.2,2037,0,0.0,0,0
2020,Федеральная служба по надзору в сфере транспорта,Федеральная служба по надзору в сфере транспорта,45,24,53.0,21,46.0,5727,0,0.0,0,0
2022,Федеральная служба по надзору в сфере транспорта,Федеральная служба по надзору в сфере транспорта,47,35,74.0,12,25.0,3589,0,0.0,23,0
2021,Федеральная служба по надзору в сфере транспорта,Федеральная служба по надзору в сфере транспорта,42,29,69.0,13,31.0,5604,0,0.0,0,0
2023,Федеральная служба по техническому и экспортному контролю,Федеральная служба по техническому и экспортному контролю,4,1,25.0,3,75.0,8,0,0.0,0,0
2019,Федеральная служба по техническому и экспортному контролю,Федеральная служба по техническому и экспортному контролю,11,7,63.0,4,36.0,12,0,0.0,0,0
2024,Федеральная служба по техническому и экспортному контролю,Федеральная служба по техническому и экспортному контролю,8,3,37.0,5,62.0,11,0,0.0,0,0
2018,Федеральная служба по техническому и экспортному контролю,Федеральная служба по техническому и экспортному контролю,7,5,71.4,2,28.6,8,0,0.0,0,0
2020,Федеральная служба по техническому и экспортному контролю,Федеральная служба по техническому и экспортному контролю,13,9,69.0,4,30.0,6,0,0.0,0,0
2022,Федеральная служба по техническому и экспортному контролю,Федеральная служба по техническому и экспортному контролю,4,1,25.0,3,75.0,7,0,0.0,0,0
2021,Федеральная служба по техническому и экспортному контролю,Федеральная служба по техническому и экспортному контролю,2,2,100.0,0,0.0,16,0,0.0,0,0
2023,Федеральная служба по труду и занятости,Федеральная служба по труду и занятости,159,44,28.0,115,72.0,2,0,0.0,4,0
2019,Федеральная служба по труду и занятости,Федеральная служба по труду и занятости,443,236,53.0,207,46.0,0,0,0.0,14,0
2024,Федеральная служба по труду и занятости,Федеральная служба по труду и занятости,179,36,20.0,143,79.0,1,0,0.0,2,0
2018,Федеральная служба по труду и занятости,Федеральная служба по труду и занятости,446,220,49.3,226,50.7,0,0,0.0,291,1
2020,Федеральная служба по труду и занятости,Федеральная служба по труду и занятости,408,175,42.0,233,57.0,2,0,0.0,8,0
2022,Федеральная служба по труду и занятости,Федеральная служба по труду и занятости,256,95,37.0,161,62.0,1,0,0.0,10,0
2021,Федеральная служба по труду и занятости,Федеральная служба по труду и занятости,399,183,45.0,216,54.0,0,0,0.0,8,0
2023,Федеральная служба по регулированию алкогольного рынка,Федеральная служба по регулированию алкогольного рынка,0,0,0.0,0,0.0,15,0,0.0,0,0
2019,Федеральная служба по регулированию алкогольного рынка,Федеральная служба по регулированию алкогольного рынка,3,2,66.0,1,33.0,46,0,0.0,0,0
2024,Федеральная служба по регулированию алкогольного рынка,Федеральная служба по регулированию алкогольного рынка,1,1,100.0,0,0.0,16,0,0.0,0,0
2018,Федеральная служба по регулированию алкогольного рынка,Федеральная служба по регулированию алкогольного рынка,0,0,0.0,0,0.0,45,0,0.0,0,0
2020,Федеральная служба по регулированию алкогольного рынка,Федеральная служба по регулированию алкогольного рынка,2,2,100.0,0,0.0,36,0,0.0,0,0
2022,Федеральная служба по регулированию алкогольного рынка,Федеральная служба по регулированию алкогольного рынка,6,6,100.0,0,0.0,18,0,0.0,0,0
2021,Федеральная служба по регулированию алкогольного рынка,Федеральная служба по регулированию алкогольного рынка,1,0,0.0,1,100.0,55,0,0.0,0,0
2023,Уполномоченные при Президенте РФ по правам,Уполномоченные при Президенте РФ по правам,204,112,55.0,92,45.0,0,0,0.0,12,0
2019,Уполномоченные при Президенте РФ по правам,Уполномоченные при Президенте РФ по правам,20,17,85.0,3,15.0,0,0,0.0,0,0
2024,Уполномоченные при Президенте РФ по правам,Уполномоченные при Президенте РФ по правам,17,8,47.0,9,52.0,15,0,0.0,0,0
2018,Уполномоченные при Президенте РФ по правам,Уполномоченные при Президенте РФ по правам,4,2,50.0,2,50.0,1,0,0.0,0,0
2020,Уполномоченные при Президенте РФ по правам,Уполномоченные при Президенте РФ по правам,1,0,0.0,1,100.0,0,0,0.0,0,0
2022,Уполномоченные при Президенте РФ по правам,Уполномоченные при Президенте РФ по правам,30,14,46.0,16,53.0,0,0,0.0,0,0
2021,Уполномоченные при Президенте РФ по правам,Уполномоченные при Президенте РФ по правам,1,0,0.0,1,100.0,0,0,0.0,0,0
2023,Управление делами Президента РФ,Управление делами Президента РФ,4,3,75.0,1,25.0,41,0,0.0,0,0
2019,Управление делами Президента РФ,Управление делами Президента РФ,3,0,0.0,3,100.0,9,0,0.0,0,0
2024,Управление делами Президента РФ,Управление делами Президента РФ,3,2,66.0,1,33.0,6,0,0.0,0,0
2018,Управление делами Президента РФ,Управление делами Президента РФ,2,0,0.0,2,100.0,1,0,0.0,0,0
2020,Управление делами Президента РФ,Управление делами Президента РФ,4,1,25.0,3,75.0,1,0,0.0,0,0
2022,Управление делами Президента РФ,Управление делами Президента РФ,2,2,100.0,0,0.0,12,0,0.0,0,0
2021,Управление делами Президента РФ,Управление делами Президента РФ,3,1,33.0,2,66.0,0,0,0.0,0,0
2023,Федеральная служба по финансовому мониторингу,Федеральная служба по финансовому мониторингу,12,4,33.0,8,67.0,0,0,0.0,49,12
2019,Федеральная служба по финансовому мониторингу,Федеральная служба по финансовому мониторингу,5,3,60.0,2,40.0,0,0,0.0,0,0
2024,Федеральная служба по финансовому мониторингу,Федеральная служба по финансовому мониторингу,12,8,66.0,4,33.0,2,0,0.0,0,0
2018,Федеральная служба по финансовому мониторингу,Федеральная служба по финансовому мониторингу,5,1,20.0,4,80.0,1,0,0.0,0,0
2020,Федеральная служба по финансовому мониторингу,Федеральная служба по финансовому мониторингу,12,7,58.0,5,41.0,0,0,0.0,30,4
2022,Федеральная служба по финансовому мониторингу,Федеральная служба по финансовому мониторингу,9,1,11.0,8,88.0,0,0,0.0,15,15
2021,Федеральная служба по финансовому мониторингу,Федеральная служба по финансовому мониторингу,7,6,85.0,1,14.0,0,0,0.0,0,0
2023,Федеральная таможенная служба,Федеральная таможенная служба,162,42,26.0,120,74.0,1,0,0.0,1,0
2019,Федеральная таможенная служба,Федеральная таможенная служба,110,28,25.0,82,74.0,1,0,0.0,2932,104
2024,Федеральная таможенная служба,Федеральная таможенная служба,411,98,23.0,313,76.0,3,0,0.0,2911,29
2018,Федеральная таможенная служба,Федеральная таможенная служба,97,27,27.8,70,72.2,1,0,0.0,1,0
2020,Федеральная таможенная служба,Федеральная таможенная служба,93,28,30.0,65,69.0,0,0,0.0,4220,151
2022,Федеральная таможенная служба,Федеральная таможенная служба,153,40,26.0,113,73.0,3,0,0.0,6123,153
2021,Федеральная таможенная служба,Федеральная таможенная служба,108,21,19.0,87,80.0,0,0,0.0,20,1
2023,Федеральное казначейство,Федеральное казначейство,157,53,34.0,104,66.0,29,0,0.0,589,11
2019,Федеральное казначейство,Федеральное казначейство,33,17,51.0,16,48.0,19,0,0.0,197,11
2024,Федеральное казначейство,Федеральное казначейство,99,36,36.0,63,63.0,53,0,0.0,347,9
2018,Федеральное казначейство,Федеральное казначейство,60,13,21.7,47,78.3,24,0,0.0,357,27
2020,Федеральное казначейство,Федеральное казначейство,45,14,31.0,31,68.0,15,0,0.0,506,36
2022,Федеральное казначейство,Федеральное казначейство,136,47,34.0,89,65.0,59,0,0.0,937,19
2021,Федеральное казначейство,Федеральное казначейство,67,26,38.0,41,61.0,15,0,0.0,397,15
2023,Федеральная служба судебных приставов,Федеральная служба судебных приставов,154991,53818,35.0,101173,65.0,15,0,0.0,12167,0
2019,Федеральная служба судебных приставов,Федеральная служба судебных приставов,39859,13030,32.0,26829,67.0,10,0,0.0,2512,0
2024,Федеральная служба судебных приставов,Федеральная служба судебных приставов,190521,67860,35.0,122661,64.0,14,0,0.0,7282,0
2018,Федеральная служба судебных приставов,Федеральная служба судебных приставов,32816,11218,34.2,21598,65.8,8,0,0.0,1330,0
2020,Федеральная служба судебных приставов,Федеральная служба судебных приставов,53919,17731,32.0,36188,67.0,4,0,0.0,3672,0
2022,Федеральная служба судебных приставов,Федеральная служба судебных приставов,127941,39203,30.0,88738,69.0,13,0,0.0,9778,0
2021,Федеральная служба судебных приставов,Федеральная служба судебных приставов,122943,26922,21.0,96021,78.0,3,0,0.0,10349,0
2023,Банк России,Банк России,3,0,0.0,3,100.0,55612,0,0.0,0,0
2019,Банк России,Банк России,7,5,71.0,2,28.0,18938,0,0.0,0,0
2024,Банк России,Банк России,9,1,11.0,8,88.0,62807,0,0.0,0,0
2018,Банк России,Банк России,4,2,50.0,2,50.0,15221,0,0.0,0,0
2020,Банк России,Банк России,8,3,37.0,5,62.0,23376,0,0.0,0,0
2022,Банк России,Банк России,5,1,20.0,4,80.0,36186,0,0.0,0,0
2021,Банк России,Банк России,6,2,33.0,4,66.0,34137,0,0.0,0,0
2023,Центральная избирательная комиссия,Центральная избирательная комиссия,1,0,0.0,1,100.0,0,0,0.0,0,0
2019,Центральная избирательная комиссия,Центральная избирательная комиссия,1,1,100.0,0,0.0,1,0,0.0,0,0
2024,Центральная избирательная комиссия,Центральная избирательная комиссия,1,0,0.0,1,100.0,0,0,0.0,0,0
2018,Центральная избирательная комиссия,Центральная избирательная комиссия,4,0,0.0,4,100.0,3,0,0.0,0,0
2020,Центральная избирательная комиссия,Центральная избирательная комиссия,6,2,33.0,4,66.0,1,0,0.0,0,0
2022,Центральная избирательная комиссия,Центральная избирательная комиссия,12,0,0.0,12,100.0,5,0,0.0,0,0
2021,Центральная избирательная комиссия,Центральная избирательная комиссия,3,0,0.0,3,100.0,0,0,0.0,0,0
2023,Иные ведомства,Иные ведомства,2527,1363,54.0,1164,46.0,0,0,0.0,913741,670
2019,Иные ведомства,Иные ведомства,1937,1113,57.0,824,42.0,0,0,0.0,2967,2
2024,Иные ведомства,Иные ведомства,2951,1543,52.0,1408,47.0,1,0,0.0,8052,5
2018,Иные ведомства,Иные ведомства,1506,761,50.5,745,49.5,0,0,0.0,420,1
2020,Иные ведомства,Иные ведомства,2405,1680,69.0,725,30.0,4,0,0.0,72,0
2022,Иные ведомства,Иные ведомства,3650,2432,66.0,1218,33.0,1,0,0.0,11136035,4578
2021,Иные ведомства,Иные ведомства,3933,2935,74.0,998,25.0,0,0,0.0,327,0
2023,Законодательный (представительный) орган власти субъекта Федерации,Законодательный (представительный) орган власти субъекта Федерации,179,64,36.0,115,64.0,346,0,0.0,0,0
2019,Законодательный (представительный) орган власти субъекта Федерации,Законодательный (представительный) орган власти субъекта Федерации,195,87,44.0,108,55.0,262,0,0.0,0,0
2024,Законодательный (представительный) орган власти субъекта Федерации,Законодательный (представительный) орган власти субъекта Федерации,184,65,35.0,119,64.0,502,0,0.0,10,0
2018,Законодательный (представительный) орган власти субъекта Федерации,Законодательный (представительный) орган власти субъекта Федерации,216,103,47.7,113,52.3,308,0,0.0,22,0
2020,Законодательный (представительный) орган власти субъекта Федерации,Законодательный (представительный) орган власти субъекта Федерации,245,119,48.0,126,51.0,265,0,0.0,0,0
2022,Законодательный (представительный) орган власти субъекта Федерации,Законодательный (представительный) орган власти субъекта Федерации,277,144,51.0,133,48.0,436,0,0.0,64,0
2021,Законодательный (представительный) орган власти субъекта Федерации,Законодательный (представительный) орган власти субъекта Федерации,266,150,56.0,116,43.0,378,0,0.0,0,0
2023,Высший исполнительный орган власти субъекта Федерации,Высший исполнительный орган власти субъекта Федерации,2809,1996,71.0,813,29.0,41,0,0.0,25713,13
2019,Высший исполнительный орган власти субъекта Федерации,Высший исполнительный орган власти субъекта Федерации,10918,10361,94.0,557,5.0,45,0,0.0,9768,0
2024,Высший исполнительный орган власти субъекта Федерации,Высший исполнительный орган власти субъекта Федерации,2073,1257,60.0,816,39.0,24,0,0.0,3903,3
2018,Высший исполнительный орган власти субъекта Федерации,Высший исполнительный орган власти субъекта Федерации,8625,8091,93.8,534,6.2,45,0,0.0,5550,1
2020,Высший исполнительный орган власти субъекта Федерации,Высший исполнительный орган власти субъекта Федерации,9313,8822,94.0,491,5.0,45,0,0.0,5010,1
2022,Высший исполнительный орган власти субъекта Федерации,Высший исполнительный орган власти субъекта Федерации,5213,4743,90.0,470,9.0,64,0,0.0,1292410,272
2021,Высший исполнительный орган власти субъекта Федерации,Высший исполнительный орган власти субъекта Федерации,8294,7866,94.0,428,5.0,47,0,0.0,5079,1
2023,Иной орган государственной власти субъекта Федерации,Иной орган государственной власти субъекта Федерации,16302,13328,82.0,2974,18.0,236,0,0.0,113452,9
2019,Иной орган государственной власти субъекта Федерации,Иной орган государственной власти субъекта Федерации,7654,6123,80.0,1531,20.0,263,0,0.0,8575,1
2024,Иной орган государственной власти субъекта Федерации,Иной орган государственной власти субъекта Федерации,17878,14614,81.0,3264,18.0,243,0,0.0,86582,5
2018,Иной орган государственной власти субъекта Федерации,Иной орган государственной власти субъекта Федерации,6497,5216,80.3,1281,19.7,321,0,0.0,3484,1
2020,Иной орган государственной власти субъекта Федерации,Иной орган государственной власти субъекта Федерации,11641,9927,85.0,1714,14.0,292,0,0.0,24062,2
2022,Иной орган государственной власти субъекта Федерации,Иной орган государственной власти субъекта Федерации,14786,12358,83.0,2428,16.0,256,0,0.0,167322,13
2021,Иной орган государственной власти субъекта Федерации,Иной орган государственной власти субъекта Федерации,14270,11867,83.0,2403,16.0,359,0,0.0,55109,5
